Isla,Caja,Nº individuos,Punto/POE,Fecha,Especie,fecha,dateweather,prec,maxtemp,medtemp,mintemp,maxhr,medhr,minhr,tipo_captura
L,1,2,A-L-C₁,2023-01-05,Cs. longiareolata,2023-01-05,2023-01-05,0.002702702702702703,19.54054054054054,15.805405405405404,12.072972972972973,81.10810810810811,60.945945945945944,41.108108108108105,tubo
L,1,1,A-L-C₁,2023-01-05,Cx. pipiens,2023-01-05,2023-01-05,0.002702702702702703,19.54054054054054,15.805405405405404,12.072972972972973,81.10810810810811,60.945945945945944,41.108108108108105,tubo
L,1,2,I-L-C₁,2023-01-12,Cs. longiareolata,2023-01-11,2023-01-11,7.3108108108108105,17.93783783783784,15.586486486486487,13.25945945945946,93.62162162162163,82.89189189189189,70.43243243243244,tubo
L,1,2,I-L-C₁,2023-01-12,Cx. pipiens,2023-01-11,2023-01-11,7.3108108108108105,17.93783783783784,15.586486486486487,13.25945945945946,93.62162162162163,82.89189189189189,70.43243243243244,tubo
L,1,2,I-L-C₁,2023-01-23,Cs. longiareolata,2023-01-11,2023-01-11,7.3108108108108105,17.93783783783784,15.586486486486487,13.25945945945946,93.62162162162163,82.89189189189189,70.43243243243244,tubo
L,1,4,I-L-C₁,2023-01-23,Cx. pipiens,2023-01-12,2023-01-12,1.1162162162162161,17.81621621621622,15.440540540540539,13.075675675675676,90.77027027027027,76.70270270270271,60.83783783783784,tubo
L,1,4,A-L-C₁,2023-02-17,Cs. longiareolata,2023-01-16,2023-01-16,1.5486486486486488,18.84054054054054,15.64864864864865,12.44864864864865,86.37837837837837,71.24324324324324,52.0,tubo
L,1,3,I-L-C₁,2023-02-17,Cs. longiareolata,2023-01-18,2023-01-18,5.8108108108108105,17.778378378378378,14.683783783783783,11.597297297297297,92.32432432432432,74.75675675675676,59.0,tubo
T,1,3,A-TN-C₂,2023-01-05,Cx. pipiens,2023-01-18,2023-01-18,5.8108108108108105,17.778378378378378,14.683783783783783,11.597297297297297,92.32432432432432,74.75675675675676,59.0,tubo
T,1,1,A-TN-C₂,2023-01-05,Cs. longiareolata,2023-01-18,2023-01-18,5.8108108108108105,17.778378378378378,14.683783783783783,11.597297297297297,92.32432432432432,74.75675675675676,59.0,tubo
T,1,5,P-T-C₃,2023-01-11,Cx. pipiens,2023-01-18,2023-01-18,5.8108108108108105,17.778378378378378,14.683783783783783,11.597297297297297,92.32432432432432,74.75675675675676,59.0,tubo
T,1,5,A-TS-C₁,2023-01-12,Cs. longiareolata,2023-01-18,2023-01-18,5.8108108108108105,17.778378378378378,14.683783783783783,11.597297297297297,92.32432432432432,74.75675675675676,59.0,tubo
T,1,3,A-TN-C₂,2023-01-16,Cx. pipiens,2023-01-25,2023-01-25,0.1,17.07837837837838,14.537837837837838,12.0,76.36756756756756,63.87837837837838,54.95675675675676,tubo
T,1,2,P-T-C desaladora,2023-01-18,Cs. longiareolata,2023-01-25,2023-01-25,0.1,17.07837837837838,14.537837837837838,12.0,76.36756756756756,63.87837837837838,54.95675675675676,tubo
T,1,4,P-T-C₃,2023-01-25,Cs. longiareolata,2023-01-25,2023-01-25,0.1,17.07837837837838,14.537837837837838,12.0,76.36756756756756,63.87837837837838,54.95675675675676,tubo
T,1,2,P-T-C₁,2023-01-25,Cx. pipiens,2023-01-26,2023-01-26,0.008108108108108109,16.86216216216216,14.293243243243245,11.706756756756755,73.7081081081081,61.270270270270274,50.26486486486486,tubo
T,1,2,P-T-C₁,2023-01-25,Cs. longiareolata,2023-02-01,2023-02-01,0.08648648648648649,16.31081081081081,13.018918918918919,9.72972972972973,81.70270270270271,68.67567567567568,53.32432432432432,tubo
T,1,3,A-TN-C₂,2023-01-26,Cx. pipiens,2023-02-01,2023-02-01,0.08648648648648649,16.31081081081081,13.018918918918919,9.72972972972973,81.70270270270271,68.67567567567568,53.32432432432432,tubo
T,1,2,P-T-C trabajadores palmetum,2023-02-15,Cx. pipiens,2023-02-06,2023-02-06,3.6540540540540536,16.156756756756756,12.745945945945946,9.335135135135134,87.08108108108108,74.0,58.91891891891892,tubo
T,1,3,P-T-C trabajadores palmetum,2023-02-15,Cs. longiareolata,2023-02-06,2023-02-06,3.6540540540540536,16.156756756756756,12.745945945945946,9.335135135135134,87.08108108108108,74.0,58.91891891891892,tubo
T,1,5,P-T-C₁,2023-02-15,Cx. pipiens,2023-02-08,2023-02-08,0.2783783783783784,16.62702702702703,13.072972972972973,9.524324324324324,84.89189189189189,64.29729729729729,50.54054054054054,tubo
T,1,4,P-T-C₃,2023-02-15,Cx. pipiens,2023-02-08,2023-02-08,0.2783783783783784,16.62702702702703,13.072972972972973,9.524324324324324,84.89189189189189,64.29729729729729,50.54054054054054,tubo
T,1,3,A-TN-C₂,2023-02-17,Cs. longiareolata,2023-02-15,2023-02-15,4.435135135135135,15.31081081081081,12.556756756756757,9.786486486486487,91.05405405405405,73.82432432432432,56.78378378378378,tubo
T,1,2,A-TN-C₂,2023-02-17,Cx. pipiens,2023-02-15,2023-02-15,4.435135135135135,15.31081081081081,12.556756756756757,9.786486486486487,91.05405405405405,73.82432432432432,56.78378378378378,tubo
T,1,4,A-TS-C₁,2023-02-18,Cs. longiareolata,2023-02-15,2023-02-15,4.435135135135135,15.31081081081081,12.556756756756757,9.786486486486487,91.05405405405405,73.82432432432432,56.78378378378378,tubo
T,1,2,P-T-C trabajadores palmetum,2023-02-22,Cx. pipiens,2023-02-15,2023-02-15,4.435135135135135,15.31081081081081,12.556756756756757,9.786486486486487,91.05405405405405,73.82432432432432,56.78378378378378,tubo
T,1,4,P-T-C trabajadores palmetum,2023-02-22,Cs. longiareolata,2023-02-17,2023-02-17,2.0486486486486486,16.743243243243242,13.562162162162162,10.372972972972974,89.45945945945945,76.5945945945946,65.02702702702703,tubo
T,1,6,P-T-C₁,2023-02-22,Cx. pipiens,2023-02-17,2023-02-17,2.0486486486486486,16.743243243243242,13.562162162162162,10.372972972972974,89.45945945945945,76.5945945945946,65.02702702702703,tubo
T,1,3,P-T-C₃,2023-02-22,Cs. longiareolata,2023-02-18,2023-02-18,0.1945945945945946,17.62972972972973,14.48918918918919,11.335135135135134,89.54054054054055,77.29729729729729,63.108108108108105,tubo
T,1,1,P-T-C₃,2023-02-22,Cx. pipiens,2023-02-22,2023-02-22,1.6945945945945946,16.93243243243243,14.445945945945946,11.95135135135135,86.4054054054054,75.70270270270271,62.86486486486486,tubo
T,1,2,A-TN-C₂,2023-01-05,Cs. longiareolata,2023-01-05,2023-01-05,0.002702702702702703,19.54054054054054,15.805405405405404,12.072972972972973,81.10810810810811,60.945945945945944,41.108108108108105,porta
T,1,1,A-TN-C₂,2023-01-05,Cx. laticinctus,2023-01-05,2023-01-05,0.002702702702702703,19.54054054054054,15.805405405405404,12.072972972972973,81.10810810810811,60.945945945945944,41.108108108108105,porta
T,1,3,P-T-C desaladora,2023-01-11,Cx. pipiens,2023-01-11,2023-01-11,7.3108108108108105,17.93783783783784,15.586486486486487,13.25945945945946,93.62162162162163,82.89189189189189,70.43243243243244,porta
T,1,2,P-T-C₃,2023-01-11,Cx. pipiens,2023-01-11,2023-01-11,7.3108108108108105,17.93783783783784,15.586486486486487,13.25945945945946,93.62162162162163,82.89189189189189,70.43243243243244,porta
T,1,2,P-T-C₃,2023-01-11,Cs. longiareolata,2023-01-11,2023-01-11,7.3108108108108105,17.93783783783784,15.586486486486487,13.25945945945946,93.62162162162163,82.89189189189189,70.43243243243244,porta
T,1,3,A-TS-C₁,2023-01-12,Cs. longiareolata,2023-01-12,2023-01-12,1.1162162162162161,17.81621621621622,15.440540540540539,13.075675675675676,90.77027027027027,76.70270270270271,60.83783783783784,porta
T,1,3,A-TN-C₂,2023-01-16,Cx. pipiens,2023-01-16,2023-01-16,1.5486486486486488,18.84054054054054,15.64864864864865,12.44864864864865,86.37837837837837,71.24324324324324,52.0,porta
T,1,3,P-T-C₁,2023-01-18,Cx. pipiens,2023-01-18,2023-01-18,5.8108108108108105,17.778378378378378,14.683783783783783,11.597297297297297,92.32432432432432,74.75675675675676,59.0,porta
T,1,1,P-T-C desaladora,2023-01-18,Cx. laticinctus,2023-01-18,2023-01-18,5.8108108108108105,17.778378378378378,14.683783783783783,11.597297297297297,92.32432432432432,74.75675675675676,59.0,porta
T,1,2,P-T-C desaladora,2023-01-18,Cs. longiareolata,2023-01-18,2023-01-18,5.8108108108108105,17.778378378378378,14.683783783783783,11.597297297297297,92.32432432432432,74.75675675675676,59.0,porta
T,1,1,P-T-C₃,2023-01-18,Cs. longiareolata,2023-01-18,2023-01-18,5.8108108108108105,17.778378378378378,14.683783783783783,11.597297297297297,92.32432432432432,74.75675675675676,59.0,porta
T,1,2,P-T-C₃,2023-01-18,Cx. pipiens,2023-01-18,2023-01-18,5.8108108108108105,17.778378378378378,14.683783783783783,11.597297297297297,92.32432432432432,74.75675675675676,59.0,porta
T,1,2,P-T-C₃,2023-01-25,Cs. longiareolata,2023-01-25,2023-01-25,0.1,17.07837837837838,14.537837837837838,12.0,76.36756756756756,63.87837837837838,54.95675675675676,porta
T,1,2,P-T-C₁,2023-01-25,Cx. pipiens,2023-01-25,2023-01-25,0.1,17.07837837837838,14.537837837837838,12.0,76.36756756756756,63.87837837837838,54.95675675675676,porta
T,1,1,P-T-C₁,2023-01-25,Cs. longiareolata,2023-01-25,2023-01-25,0.1,17.07837837837838,14.537837837837838,12.0,76.36756756756756,63.87837837837838,54.95675675675676,porta
T,1,2,A-TN-C₂,2023-01-26,Cx. pipiens,2023-01-26,2023-01-26,0.008108108108108109,16.86216216216216,14.293243243243245,11.706756756756755,73.7081081081081,61.270270270270274,50.26486486486486,porta
T,1,3,P-T-C₃,2023-02-01,Cx. pipiens,2023-02-01,2023-02-01,0.08648648648648649,16.31081081081081,13.018918918918919,9.72972972972973,81.70270270270271,68.67567567567568,53.32432432432432,porta
T,1,2,P-T-C₃,2023-02-01,Cs. longiareolata,2023-02-01,2023-02-01,0.08648648648648649,16.31081081081081,13.018918918918919,9.72972972972973,81.70270270270271,68.67567567567568,53.32432432432432,porta
T,1,5,A-TN-C₂,2023-02-06,Cx. pipiens,2023-02-06,2023-02-06,3.6540540540540536,16.156756756756756,12.745945945945946,9.335135135135134,87.08108108108108,74.0,58.91891891891892,porta
T,1,3,A-TN-C₂,2023-02-06,Cs. longiareolata,2023-02-06,2023-02-06,3.6540540540540536,16.156756756756756,12.745945945945946,9.335135135135134,87.08108108108108,74.0,58.91891891891892,porta
T,1,4,P-T-C trabajadores palmetum,2023-02-08,Cx. pipiens,2023-02-08,2023-02-08,0.2783783783783784,16.62702702702703,13.072972972972973,9.524324324324324,84.89189189189189,64.29729729729729,50.54054054054054,porta
T,1,6,P-T-C₁,2023-02-08,Cx. pipiens,2023-02-08,2023-02-08,0.2783783783783784,16.62702702702703,13.072972972972973,9.524324324324324,84.89189189189189,64.29729729729729,50.54054054054054,porta
T,1,1,P-T-C trabajadores palmetum,2023-02-15,Cx. pipiens,2023-02-15,2023-02-15,4.435135135135135,15.31081081081081,12.556756756756757,9.786486486486487,91.05405405405405,73.82432432432432,56.78378378378378,porta
T,1,2,P-T-C trabajadores palmetum,2023-02-15,Cs. longiareolata,2023-02-15,2023-02-15,4.435135135135135,15.31081081081081,12.556756756756757,9.786486486486487,91.05405405405405,73.82432432432432,56.78378378378378,porta
T,1,3,P-T-C₁,2023-02-15,Cx. pipiens,2023-02-15,2023-02-15,4.435135135135135,15.31081081081081,12.556756756756757,9.786486486486487,91.05405405405405,73.82432432432432,56.78378378378378,porta
T,1,2,P-T-C₃,2023-02-15,Cx. pipiens,2023-02-15,2023-02-15,4.435135135135135,15.31081081081081,12.556756756756757,9.786486486486487,91.05405405405405,73.82432432432432,56.78378378378378,porta
T,1,1,A-TN-C₂,2023-02-17,Cx. pipiens,2023-02-17,2023-02-17,2.0486486486486486,16.743243243243242,13.562162162162162,10.372972972972974,89.45945945945945,76.5945945945946,65.02702702702703,porta
T,1,2,A-TN-C₂,2023-02-17,Cs. longiareolata,2023-02-17,2023-02-17,2.0486486486486486,16.743243243243242,13.562162162162162,10.372972972972974,89.45945945945945,76.5945945945946,65.02702702702703,porta
T,1,2,A-TS-C₁,2023-02-18,Cs. longiareolata,2023-02-18,2023-02-18,0.1945945945945946,17.62972972972973,14.48918918918919,11.335135135135134,89.54054054054055,77.29729729729729,63.108108108108105,porta
T,1,2,P-T-C trabajadores palmetum,2023-02-22,Cs. longiareolata,2023-02-22,2023-02-22,1.6945945945945946,16.93243243243243,14.445945945945946,11.95135135135135,86.4054054054054,75.70270270270271,62.86486486486486,porta
T,1,1,P-T-C trabajadores palmetum,2023-02-22,Cx. pipiens,2023-02-22,2023-02-22,1.6945945945945946,16.93243243243243,14.445945945945946,11.95135135135135,86.4054054054054,75.70270270270271,62.86486486486486,porta
T,1,3,P-T-C₁,2023-02-22,Cx. pipiens,2023-02-22,2023-02-22,1.6945945945945946,16.93243243243243,14.445945945945946,11.95135135135135,86.4054054054054,75.70270270270271,62.86486486486486,porta
T,1,1,P-T-C₃,2023-02-22,Cx. pipiens,2023-02-22,2023-02-22,1.6945945945945946,16.93243243243243,14.445945945945946,11.95135135135135,86.4054054054054,75.70270270270271,62.86486486486486,porta
T,1,2,P-T-C₃,2023-02-22,Cs. longiareolata,2023-02-22,2023-02-22,1.6945945945945946,16.93243243243243,14.445945945945946,11.95135135135135,86.4054054054054,75.70270270270271,62.86486486486486,porta
T,1,2,A-TN-C₂,2023-02-27,Cx. pipiens,2023-02-27,2023-02-27,0.05405405405405406,19.16756756756757,15.294594594594594,11.435135135135136,89.94594594594595,75.13513513513513,60.567567567567565,porta
T,1,4,A-TN-C₂,2023-02-27,Cs. longiareolata,2023-02-27,2023-02-27,0.05405405405405406,19.16756756756757,15.294594594594594,11.435135135135136,89.94594594594595,75.13513513513513,60.567567567567565,porta
T,1,6,P-T-C₃,2023-03-01,Cs. longiareolata,2023-03-01,2023-03-01,0.21621621621621623,19.694594594594594,16.02972972972973,12.356756756756756,89.54054054054055,76.27027027027027,62.45945945945946,porta
T,1,8,P-T-C entrada palmetum,2023-03-01,Cs. longiareolata,2023-03-01,2023-03-01,0.21621621621621623,19.694594594594594,16.02972972972973,12.356756756756756,89.54054054054055,76.27027027027027,62.45945945945946,porta
T,1,1,P-T-C entrada palmetum,2023-03-01,Cx. pipiens,2023-03-01,2023-03-01,0.21621621621621623,19.694594594594594,16.02972972972973,12.356756756756756,89.54054054054055,76.27027027027027,62.45945945945946,porta
T,1,3,P-T-C trabajadores palmetum,2023-03-01,Cx. pipiens,2023-03-01,2023-03-01,0.21621621621621623,19.694594594594594,16.02972972972973,12.356756756756756,89.54054054054055,76.27027027027027,62.45945945945946,porta
T,1,4,P-T-C trabajadores palmetum,2023-03-01,Cs. longiareolata,2023-03-01,2023-03-01,0.21621621621621623,19.694594594594594,16.02972972972973,12.356756756756756,89.54054054054055,76.27027027027027,62.45945945945946,porta
T,1,6,P-T-C₁,2023-03-01,Cx. pipiens,2023-03-01,2023-03-01,0.21621621621621623,19.694594594594594,16.02972972972973,12.356756756756756,89.54054054054055,76.27027027027027,62.45945945945946,porta
T,1,6,P-T-C tahodio,2023-03-15,Cx. laticinctus,2023-03-15,2023-03-15,0.0,23.15675675675676,18.55945945945946,13.945945945945946,73.10810810810811,51.78378378378378,30.18918918918919,porta
T,1,6,P-T-C entrada palmetum,2023-03-15,Cs. longiareolata,2023-03-15,2023-03-15,0.0,23.15675675675676,18.55945945945946,13.945945945945946,73.10810810810811,51.78378378378378,30.18918918918919,porta
T,1,4,A-TN-C₂,2023-03-20,Cs. longiareolata,2023-03-20,2023-03-20,0.016216216216216217,19.386486486486486,15.972972972972974,12.54864864864865,79.94594594594595,67.11891891891892,53.62162162162162,porta
T,1,4,A-TN-C₂,2023-03-20,Cs. longiareolata,2023-03-20,2023-03-20,0.016216216216216217,19.386486486486486,15.972972972972974,12.54864864864865,79.94594594594595,67.11891891891892,53.62162162162162,porta
T,1,3,P-T-C tahodio,2023-03-22,Cx. theileri,2023-03-22,2023-03-22,0.0,21.86756756756757,17.39189189189189,12.9,83.01351351351352,62.288288288288285,40.25,porta
T,1,3,P-T-C tahodio,2023-03-22,Cx. laticinctus,2023-03-22,2023-03-22,0.0,21.86756756756757,17.39189189189189,12.9,83.01351351351352,62.288288288288285,40.25,porta
T,1,5,P-T-C tahodio,2023-03-22,Cx. pipiens,2023-03-22,2023-03-22,0.0,21.86756756756757,17.39189189189189,12.9,83.01351351351352,62.288288288288285,40.25,porta
T,1,5,P-T-C entrada palmetum,2023-03-22,Cs. longiareolata,2023-03-22,2023-03-22,0.0,21.86756756756757,17.39189189189189,12.9,83.01351351351352,62.288288288288285,40.25,porta
T,1,5,P-T-C tahodio,2023-03-22,Cx. pipiens,2023-03-22,2023-03-22,0.0,21.86756756756757,17.39189189189189,12.9,83.01351351351352,62.288288288288285,40.25,porta
T,1,1,P-T-C tahodio,2023-03-22,Cs. longiareolata,2023-03-22,2023-03-22,0.0,21.86756756756757,17.39189189189189,12.9,83.01351351351352,62.288288288288285,40.25,porta
T,1,3,P-T-C tahodio,2023-03-22,Cs. longiareolata,2023-03-22,2023-03-22,0.0,21.86756756756757,17.39189189189189,12.9,83.01351351351352,62.288288288288285,40.25,porta
T,1,3,P-T-C desaladora,2023-03-29,Cs. longiareolata,2023-03-29,2023-03-29,0.0,28.08108108108108,22.67297297297297,17.25945945945946,45.729729729729726,21.93918918918919,11.783783783783784,porta
T,1,6,P-T-C tahodio,2023-04-04,Cx. laticinctus,2023-04-04,2023-04-04,1.554054054054054,19.375675675675677,16.18378378378378,13.01081081081081,88.09909909909909,67.31756756756756,43.0990990990991,porta
T,1,1,P-T-C tahodio,2023-04-04,Cx. laticinctus,2023-04-04,2023-04-04,1.554054054054054,19.375675675675677,16.18378378378378,13.01081081081081,88.09909909909909,67.31756756756756,43.0990990990991,porta
T,1,1,P-T-C tahodio,2023-04-04,Anopheles cinereus hispaniola,2023-04-04,2023-04-04,1.554054054054054,19.375675675675677,16.18378378378378,13.01081081081081,88.09909909909909,67.31756756756756,43.0990990990991,porta
T,1,2,P-T-C entrada palmetum,2023-03-29,Cs. longiareolata,2023-03-29,2023-03-29,0.0,28.08108108108108,22.67297297297297,17.25945945945946,45.729729729729726,21.93918918918919,11.783783783783784,porta
T,1,4,P-T-C entrada palmetum,2023-03-29,Cx. pipiens,2023-03-29,2023-03-29,0.0,28.08108108108108,22.67297297297297,17.25945945945946,45.729729729729726,21.93918918918919,11.783783783783784,porta
T,1,1,P-T-C entrada palmetum,2023-03-29,Cs. longiareolata,2023-03-29,2023-03-29,0.0,28.08108108108108,22.67297297297297,17.25945945945946,45.729729729729726,21.93918918918919,11.783783783783784,porta
T,1,1,P-T-C₁,2023-03-29,Cx. pipiens,2023-03-29,2023-03-29,0.0,28.08108108108108,22.67297297297297,17.25945945945946,45.729729729729726,21.93918918918919,11.783783783783784,porta
T,1,6,P-T-C₁,2023-03-29,Cs. longiareolata,2023-03-29,2023-03-29,0.0,28.08108108108108,22.67297297297297,17.25945945945946,45.729729729729726,21.93918918918919,11.783783783783784,porta
T,1,8,A-TN-C₂,2023-03-30,Cs. longiareolata,2023-03-30,2023-03-30,0.0,29.551351351351354,24.58108108108108,19.62162162162162,40.7027027027027,25.83445945945946,15.54054054054054,porta
T,1,1,P-T-C entrada palmetum,2023-04-04,Cx. pipiens,2023-04-04,2023-04-04,1.554054054054054,19.375675675675677,16.18378378378378,13.01081081081081,88.09909909909909,67.31756756756756,43.0990990990991,porta
T,1,3,P-T-C entrada palmetum,2023-04-04,Cs. longiareolata,2023-04-04,2023-04-04,1.554054054054054,19.375675675675677,16.18378378378378,13.01081081081081,88.09909909909909,67.31756756756756,43.0990990990991,porta
T,1,4,P-T-C entrada palmetum,2023-04-04,Cs. longiareolata,2023-04-04,2023-04-04,1.554054054054054,19.375675675675677,16.18378378378378,13.01081081081081,88.09909909909909,67.31756756756756,43.0990990990991,porta
T,1,2,P-T-C₁,2023-04-04,Cx. pipiens,2023-04-04,2023-04-04,1.554054054054054,19.375675675675677,16.18378378378378,13.01081081081081,88.09909909909909,67.31756756756756,43.0990990990991,porta
T,1,2,P-T-C₁,2023-04-04,Cs. longiareolata,2023-04-04,2023-04-04,1.554054054054054,19.375675675675677,16.18378378378378,13.01081081081081,88.09909909909909,67.31756756756756,43.0990990990991,porta
T,1,4,P-T-C₁,2023-04-04,Cs. longiareolata,2023-04-04,2023-04-04,1.554054054054054,19.375675675675677,16.18378378378378,13.01081081081081,88.09909909909909,67.31756756756756,43.0990990990991,porta
T,1,2,P-T-C₁,2023-04-04,Cs. longiareolata,2023-04-04,2023-04-04,1.554054054054054,19.375675675675677,16.18378378378378,13.01081081081081,88.09909909909909,67.31756756756756,43.0990990990991,porta
T,1,3,A-TN-C₂,2023-04-10,Cs. longiareolata,2023-04-10,2023-04-10,0.0,25.55135135135135,19.732432432432432,13.910810810810812,81.45945945945945,50.87387387387387,31.371007371007373,porta
T,1,4,A-TN-C₂,2023-04-10,Cs. longiareolata,2023-04-10,2023-04-10,0.0,25.55135135135135,19.732432432432432,13.910810810810812,81.45945945945945,50.87387387387387,31.371007371007373,porta
T,1,1,P-T-C entrada palmetum,2023-04-12,Cx. pipiens,2023-04-12,2023-04-12,0.0,23.951351351351352,19.82972972972973,15.702702702702704,76.89189189189189,54.234234234234236,34.08599508599509,porta
T,1,2,P-T-C entrada palmetum,2023-04-12,Cs. longiareolata,2023-04-12,2023-04-12,0.0,23.951351351351352,19.82972972972973,15.702702702702704,76.89189189189189,54.234234234234236,34.08599508599509,porta
T,1,1,P-T-C trabajadores palmetum,2023-04-12,Cs. longiareolata,2023-04-12,2023-04-12,0.0,23.951351351351352,19.82972972972973,15.702702702702704,76.89189189189189,54.234234234234236,34.08599508599509,porta
T,1,3,P-T-C trabajadores palmetum,2023-04-12,Cx. pipiens,2023-04-12,2023-04-12,0.0,23.951351351351352,19.82972972972973,15.702702702702704,76.89189189189189,54.234234234234236,34.08599508599509,porta
T,1,1,P-T-C entrada palmetum,2023-04-19,Cs. longiareolata,2023-04-19,2023-04-19,0.0,20.931081081081082,17.12297297297297,13.302702702702703,84.08108108108108,67.18018018018017,53.16953316953317,porta
T,1,7,P-T-C entrada palmetum,2023-04-19,Cx. pipiens,2023-04-19,2023-04-19,0.0,20.931081081081082,17.12297297297297,13.302702702702703,84.08108108108108,67.18018018018017,53.16953316953317,porta
T,1,1,P-T-C charcoverde palmetum,2023-04-19,Cs. longiareolata,2023-04-19,2023-04-19,0.0,20.931081081081082,17.12297297297297,13.302702702702703,84.08108108108108,67.18018018018017,53.16953316953317,porta
T,1,4,P-T-C charcoverde palmetum,2023-04-19,Cx. pipiens,2023-04-19,2023-04-19,0.0,20.931081081081082,17.12297297297297,13.302702702702703,84.08108108108108,67.18018018018017,53.16953316953317,porta
T,1,1,P-T-C₁,2023-04-19,Cs. longiareolata,2023-04-19,2023-04-19,0.0,20.931081081081082,17.12297297297297,13.302702702702703,84.08108108108108,67.18018018018017,53.16953316953317,porta
T,1,7,P-T-C₁,2023-04-19,Cx. pipiens,2023-04-19,2023-04-19,0.0,20.931081081081082,17.12297297297297,13.302702702702703,84.08108108108108,67.18018018018017,53.16953316953317,porta
T,1,1,P-T-C₁,2023-04-19,Cx. laticinctus,2023-04-19,2023-04-19,0.0,20.931081081081082,17.12297297297297,13.302702702702703,84.08108108108108,67.18018018018017,53.16953316953317,porta
T,1,5,P-T-C tahodio,2023-04-19,Cx. pipiens,2023-04-19,2023-04-19,0.0,20.931081081081082,17.12297297297297,13.302702702702703,84.08108108108108,67.18018018018017,53.16953316953317,porta
T,1,2,P-T-C tahodio,2023-04-19,Anopheles cinereus hispaniola,2023-04-19,2023-04-19,0.0,20.931081081081082,17.12297297297297,13.302702702702703,84.08108108108108,67.18018018018017,53.16953316953317,porta
T,1,7,A-TN-C₂,2023-04-24,Cs. longiareolata,2023-04-24,2023-04-24,0.0,22.01621621621622,17.71891891891892,13.389189189189189,81.83783783783784,64.70270270270271,48.58108108108108,porta
T,1,3,A-TN-C₂,2023-04-24,Cs. longiareolata,2023-04-24,2023-04-24,0.0,22.01621621621622,17.71891891891892,13.389189189189189,81.83783783783784,64.70270270270271,48.58108108108108,porta
T,1,1,P-T-C tahodio,2023-04-26,Cx. laticinctus,2023-04-26,2023-04-26,0.0,23.467567567567567,18.783783783783782,14.102702702702702,82.18018018018017,63.2972972972973,43.78378378378378,porta
T,1,5,P-T-C tahodio,2023-04-26,Anopheles cinereus hispaniola,2023-04-26,2023-04-26,0.0,23.467567567567567,18.783783783783782,14.102702702702702,82.18018018018017,63.2972972972973,43.78378378378378,porta
T,1,3,P-T-C₁,2023-04-26,Cx. pipiens,2023-04-26,2023-04-26,0.0,23.467567567567567,18.783783783783782,14.102702702702702,82.18018018018017,63.2972972972973,43.78378378378378,porta
T,1,6,P-T-C₁,2023-04-26,Cs. longiareolata,2023-04-26,2023-04-26,0.0,23.467567567567567,18.783783783783782,14.102702702702702,82.18018018018017,63.2972972972973,43.78378378378378,porta
T,1,3,P-T-C₁,2023-04-26,Cs. longiareolata,2023-04-26,2023-04-26,0.0,23.467567567567567,18.783783783783782,14.102702702702702,82.18018018018017,63.2972972972973,43.78378378378378,porta
T,1,4,P-T-C charcoverde palmetum,2023-04-26,Cx. pipiens,2023-04-26,2023-04-26,0.0,23.467567567567567,18.783783783783782,14.102702702702702,82.18018018018017,63.2972972972973,43.78378378378378,porta
T,1,1,P-T-C charcoverde palmetum,2023-04-26,Cs. longiareolata,2023-04-26,2023-04-26,0.0,23.467567567567567,18.783783783783782,14.102702702702702,82.18018018018017,63.2972972972973,43.78378378378378,porta
T,1,2,I₃-T-C₁,2023-04-27,Cs. longiareolata,2023-04-27,2023-04-27,0.0,23.71891891891892,19.072972972972973,14.42972972972973,82.45945945945945,62.7027027027027,43.7027027027027,porta
T,1,1,P-T-C tahodio,2023-05-02,Cx. laticinctus,2023-05-02,2023-05-02,0.0,26.681081081081082,21.7027027027027,16.70810810810811,72.91891891891892,48.33783783783784,29.18918918918919,porta
T,1,8,P-T-C tahodio,2023-05-02,Anopheles cinereus hispaniola,2023-05-02,2023-05-02,0.0,26.681081081081082,21.7027027027027,16.70810810810811,72.91891891891892,48.33783783783784,29.18918918918919,porta
T,1,4,P-T-C tahodio,2023-05-02,Anopheles cinereus hispaniola,2023-05-02,2023-05-02,0.0,26.681081081081082,21.7027027027027,16.70810810810811,72.91891891891892,48.33783783783784,29.18918918918919,porta
T,1,6,P-T-C₁,2023-05-02,Cs. longiareolata,2023-05-02,2023-05-02,0.0,26.681081081081082,21.7027027027027,16.70810810810811,72.91891891891892,48.33783783783784,29.18918918918919,porta
T,1,5,P-T-C₁,2023-05-02,Cx. pipiens,2023-05-02,2023-05-02,0.0,26.681081081081082,21.7027027027027,16.70810810810811,72.91891891891892,48.33783783783784,29.18918918918919,porta
T,1,1,P-T-C₁,2023-05-02,Cs. longiareolata,2023-05-02,2023-05-02,0.0,26.681081081081082,21.7027027027027,16.70810810810811,72.91891891891892,48.33783783783784,29.18918918918919,porta
T,2,9,A-TN-C₂,2023-05-03,Cs. longiareolata,2023-05-03,2023-05-03,0.572972972972973,23.78648648648649,20.043243243243243,16.308108108108108,87.21621621621621,67.29729729729729,40.054054054054056,porta
T,2,7,A-TN-C₂,2023-05-03,Cs. longiareolata,2023-05-03,2023-05-03,0.572972972972973,23.78648648648649,20.043243243243243,16.308108108108108,87.21621621621621,67.29729729729729,40.054054054054056,porta
T,2,10,A-TN-C₂,2023-05-03,Cs. longiareolata,2023-05-03,2023-05-03,0.572972972972973,23.78648648648649,20.043243243243243,16.308108108108108,87.21621621621621,67.29729729729729,40.054054054054056,porta
T,2,10,A-TN-C₂,2023-05-03,Cs. longiareolata,2023-05-03,2023-05-03,0.572972972972973,23.78648648648649,20.043243243243243,16.308108108108108,87.21621621621621,67.29729729729729,40.054054054054056,porta
T,2,5,A-TN-C₂,2023-05-03,Cs. longiareolata,2023-05-03,2023-05-03,0.572972972972973,23.78648648648649,20.043243243243243,16.308108108108108,87.21621621621621,67.29729729729729,40.054054054054056,porta
T,2,6,P-T-C₁,2023-05-09,Cs. longiareolata,2023-05-09,2023-05-09,0.0,24.44864864864865,20.78648648648649,17.105405405405406,73.8108108108108,58.08108108108108,44.45945945945946,porta
T,2,7,P-T-C₁,2023-05-09,Cx. pipiens,2023-05-09,2023-05-09,0.0,24.44864864864865,20.78648648648649,17.105405405405406,73.8108108108108,58.08108108108108,44.45945945945946,porta
T,2,7,P-T-C tahodio,2023-05-09,Anopheles cinereus hispaniola,2023-05-09,2023-05-09,0.0,24.44864864864865,20.78648648648649,17.105405405405406,73.8108108108108,58.08108108108108,44.45945945945946,porta
T,2,9,A-TN-C₂,2023-05-11,Cs. longiareolata,2023-05-11,2023-05-11,0.0,23.272972972972973,19.59189189189189,15.91891891891892,80.27027027027027,63.747747747747745,47.7027027027027,porta
T,2,5,A-TN-C₂,2023-05-11,Cs. longiareolata,2023-05-11,2023-05-11,0.0,23.272972972972973,19.59189189189189,15.91891891891892,80.27027027027027,63.747747747747745,47.7027027027027,porta
T,2,4,P-T-C tahodio,2023-05-17,Cs. longiareolata,2023-05-17,2023-05-17,0.372972972972973,21.013513513513512,17.68918918918919,14.359459459459458,84.47297297297297,66.94594594594595,54.189189189189186,porta
T,2,3,P-T-C tahodio,2023-05-17,Cx. pipiens,2023-05-17,2023-05-17,0.372972972972973,21.013513513513512,17.68918918918919,14.359459459459458,84.47297297297297,66.94594594594595,54.189189189189186,porta
T,2,3,P-T-C₁,2023-05-17,Cs. longiareolata,2023-05-17,2023-05-17,0.372972972972973,21.013513513513512,17.68918918918919,14.359459459459458,84.47297297297297,66.94594594594595,54.189189189189186,porta
T,2,7,P-T-C₁,2023-05-17,Cx. pipiens,2023-05-17,2023-05-17,0.372972972972973,21.013513513513512,17.68918918918919,14.359459459459458,84.47297297297297,66.94594594594595,54.189189189189186,porta
T,2,9,A-TN-C₂,2023-05-22,Cs. longiareolata,2023-05-22,2023-05-22,0.8722222222222222,20.23888888888889,16.919444444444444,13.600000000000001,84.08333333333333,66.94444444444444,50.666666666666664,porta
T,2,6,A-TN-C₂,2023-05-22,Cs. longiareolata,2023-05-22,2023-05-22,0.8722222222222222,20.23888888888889,16.919444444444444,13.600000000000001,84.08333333333333,66.94444444444444,50.666666666666664,porta
T,2,2,P-T-C₁,2023-05-24,Cs. longiareolata,2023-05-24,2023-05-24,0.1111111111111111,20.516666666666666,16.441666666666666,12.372222222222222,83.77777777777777,66.13888888888889,47.611111111111114,porta
T,2,7,P-T-C₁,2023-05-24,Cx. pipiens,2023-05-24,2023-05-24,0.1111111111111111,20.516666666666666,16.441666666666666,12.372222222222222,83.77777777777777,66.13888888888889,47.611111111111114,porta
T,2,2,P-T-C charcoverde palmetum,2023-05-24,Cs. longiareolata,2023-05-24,2023-05-24,0.1111111111111111,20.516666666666666,16.441666666666666,12.372222222222222,83.77777777777777,66.13888888888889,47.611111111111114,porta
T,2,2,P-T-C charcoverde palmetum,2023-05-24,Cx. pipiens,2023-05-24,2023-05-24,0.1111111111111111,20.516666666666666,16.441666666666666,12.372222222222222,83.77777777777777,66.13888888888889,47.611111111111114,porta
T,2,6,P-T-C tahodio,2023-05-24,Anopheles cinereus hispaniola,2023-05-24,2023-05-24,0.1111111111111111,20.516666666666666,16.441666666666666,12.372222222222222,83.77777777777777,66.13888888888889,47.611111111111114,porta
T,2,5,P-T-C tahodio,2023-05-24,Anopheles cinereus hispaniola,2023-05-24,2023-05-24,0.1111111111111111,20.516666666666666,16.441666666666666,12.372222222222222,83.77777777777777,66.13888888888889,47.611111111111114,porta
T,2,5,P-T-C₁,2023-05-31,Cx. pipiens,2023-05-31,2023-05-31,2.7,23.063888888888886,18.408333333333335,13.772222222222222,85.38888888888889,61.22222222222222,45.27777777777778,porta
T,2,1,P-T-C₁,2023-05-31,Cs. longiareolata,2023-05-31,2023-05-31,2.7,23.063888888888886,18.408333333333335,13.772222222222222,85.38888888888889,61.22222222222222,45.27777777777778,porta
T,2,7,P-T-C₁,2023-05-31,Cx. pipiens,2023-05-31,2023-05-31,2.7,23.063888888888886,18.408333333333335,13.772222222222222,85.38888888888889,61.22222222222222,45.27777777777778,porta
T,2,8,P-T-C tahodio,2023-05-31,Anopheles cinereus hispaniola,2023-05-31,2023-05-31,2.7,23.063888888888886,18.408333333333335,13.772222222222222,85.38888888888889,61.22222222222222,45.27777777777778,porta
T,2,6,A-TN-C₂,2023-06-01,Cs. longiareolata,2023-06-01,2023-06-01,0.30833333333333335,22.516666666666666,19.116666666666667,15.694444444444445,90.0,70.27777777777777,52.52777777777778,porta
T,2,4,A-TN-C₂,2023-06-01,Cs. longiareolata,2023-06-01,2023-06-01,0.30833333333333335,22.516666666666666,19.116666666666667,15.694444444444445,90.0,70.27777777777777,52.52777777777778,porta
T,2,9,A-TN-C fuente,2023-06-12,Cs. longiareolata,2023-06-12,2023-06-12,2.2527777777777778,24.119444444444444,20.36111111111111,16.61388888888889,91.52777777777777,76.91666666666667,60.72222222222222,porta
T,2,2,P-T-C₁,2023-06-08,Cs. longiareolata,2023-06-08,2023-06-08,0.0861111111111111,22.97222222222222,19.538888888888888,16.105555555555554,86.55555555555556,71.11111111111111,54.861111111111114,porta
T,2,5,P-T-C₁,2023-06-08,Cx. pipiens,2023-06-08,2023-06-08,0.0861111111111111,22.97222222222222,19.538888888888888,16.105555555555554,86.55555555555556,71.11111111111111,54.861111111111114,porta
T,2,6,A-TN-C₂,2023-06-12,Cs. longiareolata,2023-06-12,2023-06-12,2.2527777777777778,24.119444444444444,20.36111111111111,16.61388888888889,91.52777777777777,76.91666666666667,60.72222222222222,porta
T,2,6,A-TN-C₂,2023-06-12,Cs. longiareolata,2023-06-12,2023-06-12,2.2527777777777778,24.119444444444444,20.36111111111111,16.61388888888889,91.52777777777777,76.91666666666667,60.72222222222222,porta
T,2,7,P-T-C tahodio,2023-06-08,Anopheles cinereus hispaniola,2023-06-08,2023-06-08,0.0861111111111111,22.97222222222222,19.538888888888888,16.105555555555554,86.55555555555556,71.11111111111111,54.861111111111114,porta
T,2,7,P-T-C tahodio,2023-06-13,Anopheles cinereus hispaniola,2023-06-13,2023-06-13,0.005555555555555556,22.869444444444444,19.586111111111112,16.288888888888888,84.25,69.5,57.05555555555556,porta
T,2,8,P-T-C₁,2023-06-13,Cx. pipiens,2023-06-13,2023-06-13,0.005555555555555556,22.869444444444444,19.586111111111112,16.288888888888888,84.25,69.5,57.05555555555556,porta
T,2,4,P-T-C₁,2023-06-13,Cx. pipiens,2023-06-13,2023-06-13,0.005555555555555556,22.869444444444444,19.586111111111112,16.288888888888888,84.25,69.5,57.05555555555556,porta
T,2,8,P-T-C trabajadores palmetum,2023-06-13,Cs. longiareolata,2023-06-13,2023-06-13,0.005555555555555556,22.869444444444444,19.586111111111112,16.288888888888888,84.25,69.5,57.05555555555556,porta
T,2,4,P-T-C trabajadores palmetum,2023-06-13,Cs. longiareolata,2023-06-13,2023-06-13,0.005555555555555556,22.869444444444444,19.586111111111112,16.288888888888888,84.25,69.5,57.05555555555556,porta
T,2,1,P-T-Ovi 13,2023-06-13,Cs. longiareolata,2023-06-13,2023-06-13,0.005555555555555556,22.869444444444444,19.586111111111112,16.288888888888888,84.25,69.5,57.05555555555556,porta
T,2,2,P-T-C₁,2023-06-20,Cx. pipiens,2023-06-20,2023-06-20,0.7166666666666667,24.59027777777778,20.545833333333334,16.494444444444444,88.97222222222223,73.65277777777777,56.541666666666664,porta
T,2,1,P-T-C₁,2023-06-20,Cs. longiareolata,2023-06-20,2023-06-20,0.7166666666666667,24.59027777777778,20.545833333333334,16.494444444444444,88.97222222222223,73.65277777777777,56.541666666666664,porta
T,2,8,P-T-C trabajadores palmetum,2023-06-20,Cs. longiareolata,2023-06-20,2023-06-20,0.7166666666666667,24.59027777777778,20.545833333333334,16.494444444444444,88.97222222222223,73.65277777777777,56.541666666666664,porta
T,2,5,P-T-C trabajadores palmetum,2023-06-20,Cs. longiareolata,2023-06-20,2023-06-20,0.7166666666666667,24.59027777777778,20.545833333333334,16.494444444444444,88.97222222222223,73.65277777777777,56.541666666666664,porta
T,2,4,P-T-C trabajadores palmetum,2023-06-20,Cs. longiareolata,2023-06-20,2023-06-20,0.7166666666666667,24.59027777777778,20.545833333333334,16.494444444444444,88.97222222222223,73.65277777777777,56.541666666666664,porta
T,2,6,P-T-Ovi 13,2023-06-20,Cx. pipiens,2023-06-20,2023-06-20,0.7166666666666667,24.59027777777778,20.545833333333334,16.494444444444444,88.97222222222223,73.65277777777777,56.541666666666664,porta
T,2,5,P-T-Ovi 13,2023-06-20,Cx. pipiens,2023-06-20,2023-06-20,0.7166666666666667,24.59027777777778,20.545833333333334,16.494444444444444,88.97222222222223,73.65277777777777,56.541666666666664,porta
T,2,8,A-TN-C₂,2023-06-22,Cs. longiareolata,2023-06-22,2023-06-22,0.03888888888888889,24.772222222222222,20.87777777777778,16.99722222222222,86.02777777777777,73.06172839506172,58.75,porta
T,2,8,A-TN-C₂,2023-06-22,Cs. longiareolata,2023-06-22,2023-06-22,0.03888888888888889,24.772222222222222,20.87777777777778,16.99722222222222,86.02777777777777,73.06172839506172,58.75,porta
T,2,6,P-T-C₁,2023-06-27,Cx. pipiens,2023-06-27,2023-06-27,0.0,28.511111111111113,23.191666666666666,17.87222222222222,75.66666666666667,56.84259259259259,35.166666666666664,porta
T,2,1,P-T-C₁,2023-06-27,Cs. longiareolata,2023-06-27,2023-06-27,0.0,28.511111111111113,23.191666666666666,17.87222222222222,75.66666666666667,56.84259259259259,35.166666666666664,porta
T,2,4,P-T-C trabajadores palmetum,2023-06-27,Cx. pipiens,2023-06-27,2023-06-27,0.0,28.511111111111113,23.191666666666666,17.87222222222222,75.66666666666667,56.84259259259259,35.166666666666664,porta
T,2,3,P-T-C trabajadores palmetum,2023-06-27,Cs. longiareolata,2023-06-27,2023-06-27,0.0,28.511111111111113,23.191666666666666,17.87222222222222,75.66666666666667,56.84259259259259,35.166666666666664,porta
T,2,2,P-T-C trabajadores palmetum,2023-06-27,Cs. longiareolata,2023-06-27,2023-06-27,0.0,28.511111111111113,23.191666666666666,17.87222222222222,75.66666666666667,56.84259259259259,35.166666666666664,porta
T,2,1,P-T-C trabajadores palmetum,2023-06-27,Cx. pipiens,2023-06-27,2023-06-27,0.0,28.511111111111113,23.191666666666666,17.87222222222222,75.66666666666667,56.84259259259259,35.166666666666664,porta
T,2,8,P-T-Ovi 13,2023-06-27,Cx. pipiens,2023-06-27,2023-06-27,0.0,28.511111111111113,23.191666666666666,17.87222222222222,75.66666666666667,56.84259259259259,35.166666666666664,porta
T,2,6,P-T-Ovi 13,2023-06-27,Cx. pipiens,2023-06-27,2023-06-27,0.0,28.511111111111113,23.191666666666666,17.87222222222222,75.66666666666667,56.84259259259259,35.166666666666664,porta
T,2,9,P-T-Ovi 13,2023-06-27,Cx. pipiens,2023-06-27,2023-06-27,0.0,28.511111111111113,23.191666666666666,17.87222222222222,75.66666666666667,56.84259259259259,35.166666666666664,porta
T,2,6,A-TN-C fuente,2023-07-03,Cs. longiareolata,2023-07-03,2023-07-03,0.0,26.62222222222222,22.90277777777778,19.174999999999997,81.72222222222223,65.66666666666667,51.55555555555556,porta
T,2,7,A-TN-C₂,2023-07-03,Cs. longiareolata,2023-07-03,2023-07-03,0.0,26.62222222222222,22.90277777777778,19.174999999999997,81.72222222222223,65.66666666666667,51.55555555555556,porta
T,2,7,A-TN-C₂,2023-07-03,Cs. longiareolata,2023-07-03,2023-07-03,0.0,26.62222222222222,22.90277777777778,19.174999999999997,81.72222222222223,65.66666666666667,51.55555555555556,porta
T,2,2,P-T-C₁,2023-07-04,Cs. longiareolata,2023-07-04,2023-07-04,0.0,27.572222222222223,23.74722222222222,19.91111111111111,80.91666666666667,64.72222222222223,49.861111111111114,porta
T,2,5,P-T-C₁,2023-07-04,Cx. pipiens,2023-07-04,2023-07-04,0.0,27.572222222222223,23.74722222222222,19.91111111111111,80.91666666666667,64.72222222222223,49.861111111111114,porta
T,2,1,P-T-C₁,2023-07-04,Cs. longiareolata,2023-07-04,2023-07-04,0.0,27.572222222222223,23.74722222222222,19.91111111111111,80.91666666666667,64.72222222222223,49.861111111111114,porta
T,2,6,P-T-C₁,2023-07-04,Cx. pipiens,2023-07-04,2023-07-04,0.0,27.572222222222223,23.74722222222222,19.91111111111111,80.91666666666667,64.72222222222223,49.861111111111114,porta
T,2,6,P-T-C₁,2023-07-11,Cx. pipiens,2023-07-11,2023-07-11,0.0,29.46388888888889,24.608333333333334,19.755555555555556,73.11111111111111,54.31481481481481,36.27777777777778,porta
T,2,2,P-T-C₁,2023-07-11,Cx. pipiens,2023-07-11,2023-07-11,0.0,29.46388888888889,24.608333333333334,19.755555555555556,73.11111111111111,54.31481481481481,36.27777777777778,porta
T,2,7,P-T-C₁,2023-07-11,Cx. pipiens,2023-07-11,2023-07-11,0.0,29.46388888888889,24.608333333333334,19.755555555555556,73.11111111111111,54.31481481481481,36.27777777777778,porta
T,2,6,A-TN-C₂,2023-07-13,Cs. longiareolata,2023-07-13,2023-07-13,0.0,33.95,28.88888888888889,23.825000000000003,52.916666666666664,34.794444444444444,20.01388888888889,porta
T,2,6,A-TN-C₂,2023-07-13,Cs. longiareolata,2023-07-13,2023-07-13,0.0,33.95,28.88888888888889,23.825000000000003,52.916666666666664,34.794444444444444,20.01388888888889,porta
T,2,6,I₃-T-C₁,2023-07-18,Cs. longiareolata,2023-07-18,2023-07-18,0.08888888888888889,24.866666666666667,21.280555555555555,17.708333333333332,82.33333333333333,67.48148148148148,54.05555555555556,porta
T,2,2,I₃-T-C₁,2023-07-18,Cx. pipiens,2023-07-18,2023-07-18,0.08888888888888889,24.866666666666667,21.280555555555555,17.708333333333332,82.33333333333333,67.48148148148148,54.05555555555556,porta
T,2,4,I₃-T-C₁,2023-07-18,Cs. longiareolata,2023-07-18,2023-07-18,0.08888888888888889,24.866666666666667,21.280555555555555,17.708333333333332,82.33333333333333,67.48148148148148,54.05555555555556,porta
T,2,1,P-T-C tahodio,2023-07-20,Cx. laticinctus,2023-07-20,2023-07-20,0.0,26.369444444444444,22.855555555555554,19.313888888888886,80.66666666666667,64.80555555555556,52.72222222222222,porta
T,2,6,P-T-C₁,2023-07-20,Cx. pipiens,2023-07-20,2023-07-20,0.0,26.369444444444444,22.855555555555554,19.313888888888886,80.66666666666667,64.80555555555556,52.72222222222222,porta
T,2,6,P-T-C₁,2023-07-20,Cx. pipiens,2023-07-20,2023-07-20,0.0,26.369444444444444,22.855555555555554,19.313888888888886,80.66666666666667,64.80555555555556,52.72222222222222,porta
T,2,7,P-T-Ovi 13,2023-07-20,Cx. pipiens,2023-07-20,2023-07-20,0.0,26.369444444444444,22.855555555555554,19.313888888888886,80.66666666666667,64.80555555555556,52.72222222222222,porta
T,2,7,P-T-Ovi 13,2023-07-20,Cx. pipiens,2023-07-20,2023-07-20,0.0,26.369444444444444,22.855555555555554,19.313888888888886,80.66666666666667,64.80555555555556,52.72222222222222,porta
T,2,6,P-T-Ovi 13,2023-07-20,Cx. pipiens,2023-07-20,2023-07-20,0.0,26.369444444444444,22.855555555555554,19.313888888888886,80.66666666666667,64.80555555555556,52.72222222222222,porta
T,2,3,P-T-Ovi 13,2023-07-20,Cx. pipiens,2023-07-20,2023-07-20,0.0,26.369444444444444,22.855555555555554,19.313888888888886,80.66666666666667,64.80555555555556,52.72222222222222,porta
T,2,5,A-TN-C₂,2023-07-24,Cs. longiareolata,2023-07-24,2023-07-24,0.0,25.275,21.59722222222222,17.930555555555557,80.22222222222223,63.767361111111114,50.02777777777778,porta
T,2,3,A-TN-C₂,2023-07-24,Cs. longiareolata,2023-07-24,2023-07-24,0.0,25.275,21.59722222222222,17.930555555555557,80.22222222222223,63.767361111111114,50.02777777777778,porta
T,2,2,P-T-C₁,2023-07-25,Cs. longiareolata,2023-07-25,2023-07-25,0.0,25.48611111111111,21.9,18.319444444444443,79.11111111111111,65.47916666666667,53.083333333333336,porta
T,2,3,P-T-C₁,2023-07-25,Cx. pipiens,2023-07-25,2023-07-25,0.0,25.48611111111111,21.9,18.319444444444443,79.11111111111111,65.47916666666667,53.083333333333336,porta
T,2,6,P-T-C tahodio,2023-07-25,Anopheles cinereus hispaniola,2023-07-25,2023-07-25,0.0,25.48611111111111,21.9,18.319444444444443,79.11111111111111,65.47916666666667,53.083333333333336,porta
T,2,6,P-T-Ovi 13,2023-07-25,Cx. pipiens,2023-07-25,2023-07-25,0.0,25.48611111111111,21.9,18.319444444444443,79.11111111111111,65.47916666666667,53.083333333333336,porta
T,2,7,P-T-Ovi 13,2023-07-25,Cx. pipiens,2023-07-25,2023-07-25,0.0,25.48611111111111,21.9,18.319444444444443,79.11111111111111,65.47916666666667,53.083333333333336,porta
T,2,2,P-T-Ovi 13,2023-07-25,Cx. pipiens,2023-07-25,2023-07-25,0.0,25.48611111111111,21.9,18.319444444444443,79.11111111111111,65.47916666666667,53.083333333333336,porta
T,2,6,P-T-C₁,2023-08-02,Cx. pipiens,2023-08-02,2023-08-02,0.0,27.158835758835757,23.56881496881497,19.98212058212058,78.42619542619543,63.2027027027027,48.75675675675676,porta
T,3,6,P-T-Ovi 13,2023-08-02,Cx. pipiens,2023-08-02,2023-08-02,0.0,27.158835758835757,23.56881496881497,19.98212058212058,78.42619542619543,63.2027027027027,48.75675675675676,porta
T,3,4,P-T-Ovi 13,2023-08-02,Cx. pipiens,2023-08-02,2023-08-02,0.0,27.158835758835757,23.56881496881497,19.98212058212058,78.42619542619543,63.2027027027027,48.75675675675676,porta
T,3,8,A-TN-C₂,2023-08-03,Cs. longiareolata,2023-08-03,2023-08-03,0.17567567567567569,26.915384615384614,23.566528066528065,20.234719334719337,78.74844074844074,66.10135135135135,51.2972972972973,porta
T,3,6,A-TN-C₂,2023-08-03,Cs. longiareolata,2023-08-03,2023-08-03,0.17567567567567569,26.915384615384614,23.566528066528065,20.234719334719337,78.74844074844074,66.10135135135135,51.2972972972973,porta
T,3,6,P-T-C₁,2023-08-09,Cx. pipiens,2023-08-09,2023-08-09,0.0,27.854677754677756,23.27713097713098,18.71247401247401,78.81704781704781,62.0472972972973,47.4054054054054,porta
T,3,6,P-T-C₁,2023-08-09,Cx. pipiens,2023-08-09,2023-08-09,0.0,27.854677754677756,23.27713097713098,18.71247401247401,78.81704781704781,62.0472972972973,47.4054054054054,porta
T,3,2,P-T-C entrada palmetum,2023-08-10,Cs. longiareolata,2023-08-10,2023-08-10,0.0,31.827442827442827,26.545114345114346,21.273180873180873,72.86902286902287,51.851351351351354,35.37837837837838,porta
T,3,5,A-TN-C₂,2023-08-10,Cs. longiareolata,2023-08-10,2023-08-10,0.0,31.827442827442827,26.545114345114346,21.273180873180873,72.86902286902287,51.851351351351354,35.37837837837838,porta
T,3,7,P-T-C₁,2023-08-16,Cx. pipiens,2023-08-16,2023-08-16,0.0,28.618918918918922,24.4027027027027,20.194594594594594,74.48648648648648,58.28378378378378,44.91891891891892,porta
T,3,7,P-T-C₁,2023-08-23,Cx. pipiens,2023-08-23,2023-08-23,0.0,31.37837837837838,26.951351351351352,22.537837837837838,69.70270270270271,45.78378378378378,30.756756756756758,porta
T,3,2,P-T-C₁,2023-08-30,Cx. pipiens,2023-08-30,2023-08-30,0.0,25.58108108108108,22.135135135135137,18.697297297297297,82.4054054054054,67.6891891891892,53.24324324324324,porta
T,3,2,I₃-T-Bambú,2023-09-01,Cx. pipiens,2023-09-01,2023-09-01,0.07297297297297298,25.24864864864865,22.2,19.14864864864865,84.8108108108108,71.8108108108108,54.027027027027025,porta
T,3,1,I₃-T-Bambú,2023-09-01,Aedes albopictus,2023-09-01,2023-09-01,0.07297297297297298,25.24864864864865,22.2,19.14864864864865,84.8108108108108,71.8108108108108,54.027027027027025,porta
T,3,6,P-T-C₁,2023-09-06,Cx. pipiens,2023-09-06,2023-09-06,0.0,25.910810810810812,21.57837837837838,17.25945945945946,82.6891891891892,68.48648648648648,51.9054054054054,porta
T,3,5,P-T-C₁,2023-09-06,Cx. pipiens,2023-09-06,2023-09-06,0.0,25.910810810810812,21.57837837837838,17.25945945945946,82.6891891891892,68.48648648648648,51.9054054054054,porta
T,3,7,P-T-C₁,2023-09-13,Cx. pipiens,2023-09-13,2023-09-13,0.5540540540540541,24.910810810810812,21.58108108108108,18.256756756756758,85.72972972972973,72.75675675675676,58.054054054054056,porta
T,3,6,P-T-C₁,2023-09-13,Cx. pipiens,2023-09-13,2023-09-13,0.5540540540540541,24.910810810810812,21.58108108108108,18.256756756756758,85.72972972972973,72.75675675675676,58.054054054054056,porta
T,3,8,A-TN-C₂,2023-09-15,Cx. laticinctus,2023-09-15,2023-09-15,0.13513513513513514,24.95405405405405,21.62702702702703,18.294594594594592,86.64864864864865,70.28378378378379,57.0,porta
T,3,5,P-T-C₁,2023-09-20,Cx. pipiens,2023-09-20,2023-09-20,0.15945945945945944,24.605405405405406,21.01081081081081,17.405405405405407,82.35135135135135,69.9054054054054,55.75675675675676,porta
T,3,7,P-T-C₁,2023-09-20,Cx. pipiens,2023-09-20,2023-09-20,0.15945945945945944,24.605405405405406,21.01081081081081,17.405405405405407,82.35135135135135,69.9054054054054,55.75675675675676,porta
T,*,3,VP-T- jose espejo 9,2023-09-26,Aedes albopictus,2023-09-26,2023-09-26,0.07837837837837838,25.535135135135135,22.089189189189188,18.64324324324324,89.89189189189189,73.77027027027027,58.270270270270274,porta
T,*,1,VP-T- luis extremera 6,2023-09-26,Aedes albopictus,2023-09-26,2023-09-26,0.07837837837837838,25.535135135135135,22.089189189189188,18.64324324324324,89.89189189189189,73.77027027027027,58.270270270270274,porta
T,*,2,VP-T-luis extremera 13,2023-09-26,Aedes albopictus,2023-09-26,2023-09-26,0.07837837837837838,25.535135135135135,22.089189189189188,18.64324324324324,89.89189189189189,73.77027027027027,58.270270270270274,porta
T,*,2,VP-T-eduardo dominguez 6,2023-09-26,Cx. pipiens,2023-09-26,2023-09-26,0.07837837837837838,25.535135135135135,22.089189189189188,18.64324324324324,89.89189189189189,73.77027027027027,58.270270270270274,porta
T,3,3,A-TN-C₂,2023-09-29,Cx. laticinctus,2023-09-29,2023-09-29,0.005405405405405406,25.28648648648649,21.624324324324323,17.967567567567567,84.0,70.33783783783784,53.432432432432435,porta
T,3,1,P-T-C₁,2023-09-29,Cx. pipiens,2023-09-29,2023-09-29,0.005405405405405406,25.28648648648649,21.624324324324323,17.967567567567567,84.0,70.33783783783784,53.432432432432435,porta
T,3,2,A-TN-C fuente,2023-10-05,Cs. longiareolata,2023-10-05,2023-10-05,0.0,31.535135135135135,27.05945945945946,22.594594594594593,64.32432432432432,40.637837837837836,19.135135135135137,porta
T,3,6,A-TN-C₂,2023-10-05,Cx. laticinctus,2023-10-05,2023-10-05,0.0,31.535135135135135,27.05945945945946,22.594594594594593,64.32432432432432,40.637837837837836,19.135135135135137,porta
T,3,7,A-TN-C₂,2023-10-05,Cx. laticinctus,2023-10-05,2023-10-05,0.0,31.535135135135135,27.05945945945946,22.594594594594593,64.32432432432432,40.637837837837836,19.135135135135137,porta
T,3,5,I₃-T-C₁,2023-10-10,Cx. pipiens,2023-10-10,2023-10-10,0.0,32.5,27.64864864864865,22.791441441441442,51.986486486486484,29.22972972972973,17.62162162162162,porta
T,3,3,A-TN-C₂,2023-10-16,Cx. laticinctus,2023-10-16,2023-10-16,0.0,28.951351351351352,25.08108108108108,21.191891891891892,63.86486486486486,41.270270270270274,24.135135135135137,porta
T,3,2,P-T-C₁,2023-10-25,Cx. pipiens,2023-10-25,2023-10-25,0.12162162162162163,22.91351351351351,19.537837837837838,16.181081081081082,83.45945945945945,70.5,57.45945945945946,porta
T,3,2,A-TN-C₂,2023-10-26,Cx. pipiens,2023-10-26,2023-10-26,0.1810810810810811,23.84054054054054,20.532432432432433,17.21891891891892,84.91891891891892,72.99324324324324,59.648648648648646,porta
T,3,2,A-TN-C₂,2023-10-26,Cs. longiareolata,2023-10-26,2023-10-26,0.1810810810810811,23.84054054054054,20.532432432432433,17.21891891891892,84.91891891891892,72.99324324324324,59.648648648648646,porta
T,3,7,P-T-C tahodio,2023-10-31,Cx. pipiens,2023-10-31,2023-10-31,0.3567567567567567,25.07837837837838,21.51621621621622,17.967567567567567,93.43243243243244,76.91891891891892,57.08108108108108,porta
T,3,1,P-T-C tahodio,2023-10-31,Cx. laticinctus,2023-10-31,2023-10-31,0.3567567567567567,25.07837837837838,21.51621621621622,17.967567567567567,93.43243243243244,76.91891891891892,57.08108108108108,porta
T,3,9,P-T-C₁,2023-10-31,Cx. pipiens,2023-10-31,2023-10-31,0.3567567567567567,25.07837837837838,21.51621621621622,17.967567567567567,93.43243243243244,76.91891891891892,57.08108108108108,porta
T,3,1,A-TN-C₂,2023-11-06,Cs. longiareolata,2023-11-06,2023-11-06,4.132432432432433,20.35135135135135,17.875675675675677,15.372972972972974,94.89189189189189,80.24324324324324,68.27027027027027,porta
T,3,5,P-T-C₁,2023-11-08,Cx. pipiens,2023-11-08,2023-11-08,0.09189189189189188,21.005405405405405,18.491891891891893,15.997297297297298,74.78378378378379,64.31531531531532,54.932432432432435,porta
T,3,9,P-T-C₁,2023-11-08,Cx. pipiens,2023-11-08,2023-11-08,0.09189189189189188,21.005405405405405,18.491891891891893,15.997297297297298,74.78378378378379,64.31531531531532,54.932432432432435,porta
T,3,6,P-T-C tahodio,2023-11-08,Cx. pipiens,2023-11-08,2023-11-08,0.09189189189189188,21.005405405405405,18.491891891891893,15.997297297297298,74.78378378378379,64.31531531531532,54.932432432432435,porta
T,3,5,A-TN-C₂,2023-11-09,Cs. longiareolata,2023-11-09,2023-11-09,0.016216216216216217,21.8972972972973,19.154054054054054,16.410810810810812,80.24324324324324,69.70270270270271,53.108108108108105,porta
T,3,10,P-T-C₁,2023-11-15,Cx. pipiens,2023-11-15,2023-11-15,0.0,28.737837837837837,23.92972972972973,19.12702702702703,57.17567567567568,38.27837837837838,25.364864864864863,porta
T,3,3,P-T-C tahodio,2023-11-15,Cx. pipiens,2023-11-15,2023-11-15,0.0,28.737837837837837,23.92972972972973,19.12702702702703,57.17567567567568,38.27837837837838,25.364864864864863,porta
T,3,2,P-T-C tahodio,2023-11-15,Anopheles cinereus hispaniola,2023-11-15,2023-11-15,0.0,28.737837837837837,23.92972972972973,19.12702702702703,57.17567567567568,38.27837837837838,25.364864864864863,porta
T,3,5,A-TN-C₂,2023-11-16,Cs. longiareolata,2023-11-16,2023-11-16,0.0,27.278378378378378,22.935135135135134,18.583783783783783,54.513513513513516,35.08108108108108,25.513513513513512,porta
T,3,6,P-T-C₁,2023-11-22,Cx. pipiens,2023-11-22,2023-11-22,0.0,24.686486486486487,21.06756756756757,17.43243243243243,74.45945945945945,53.54054054054054,27.554054054054053,porta
T,3,5,P-T-C₁,2023-11-22,Cx. pipiens,2023-11-22,2023-11-22,0.0,24.686486486486487,21.06756756756757,17.43243243243243,74.45945945945945,53.54054054054054,27.554054054054053,porta
T,3,1,P-T-C tahodio,2023-11-22,Cx. pipiens,2023-11-22,2023-11-22,0.0,24.686486486486487,21.06756756756757,17.43243243243243,74.45945945945945,53.54054054054054,27.554054054054053,porta
T,3,6,P-T-C tahodio,2023-11-22,Anopheles cinereus hispaniola,2023-11-22,2023-11-22,0.0,24.686486486486487,21.06756756756757,17.43243243243243,74.45945945945945,53.54054054054054,27.554054054054053,porta
T,3,4,A-TN-C₂,2023-11-27,Cx. pipiens,2023-11-27,2023-11-27,0.05405405405405406,20.427027027027027,17.181081081081082,13.92972972972973,78.13513513513513,67.0945945945946,55.0,porta
T,3,6,P-T-C₁,2023-11-29,Cx. pipiens,2023-11-29,2023-11-29,0.010810810810810811,20.57837837837838,17.07027027027027,13.556756756756757,85.10810810810811,73.70270270270271,59.513513513513516,porta
T,3,5,P-T-C₁,2023-12-04,Cx. pipiens,2023-12-04,2023-12-04,0.5513513513513514,20.00337837837838,16.84864864864865,13.680405405405406,87.19594594594595,74.92905405405405,62.50675675675676,porta
T,3,6,P-T-C₁,2023-12-04,Cx. pipiens,2023-12-04,2023-12-04,0.5513513513513514,20.00337837837838,16.84864864864865,13.680405405405406,87.19594594594595,74.92905405405405,62.50675675675676,porta
T,3,5,A-TS-C₁,2023-12-11,Cs. longiareolata,2023-12-11,2023-12-11,0.0,23.73564189189189,19.431081081081082,15.131925675675676,69.8429054054054,45.56503378378378,29.98141891891892,porta
T,3,6,A-TS-C₁,2023-12-11,Cs. longiareolata,2023-12-11,2023-12-11,0.0,23.73564189189189,19.431081081081082,15.131925675675676,69.8429054054054,45.56503378378378,29.98141891891892,porta
T,3,6,P-T-C₃,2023-12-13,Cs. longiareolata,2023-12-13,2023-12-13,0.0,22.530574324324323,18.533783783783782,14.526182432432432,67.8570945945946,47.21875,29.494256756756755,porta
T,3,7,P-T-C tahodio,2023-12-13,Cs. longiareolata,2023-12-13,2023-12-13,0.0,22.530574324324323,18.533783783783782,14.526182432432432,67.8570945945946,47.21875,29.494256756756755,porta
T,3,6,P-T-C₁,2023-12-13,Cx. pipiens,2023-12-13,2023-12-13,0.0,22.530574324324323,18.533783783783782,14.526182432432432,67.8570945945946,47.21875,29.494256756756755,porta
T,3,7,P-T-C₁,2023-12-13,Cx. pipiens,2023-12-13,2023-12-13,0.0,22.530574324324323,18.533783783783782,14.526182432432432,67.8570945945946,47.21875,29.494256756756755,porta
T,3,6,P-T-C₃,2023-12-13,Cx. pipiens,2023-12-13,2023-12-13,0.0,22.530574324324323,18.533783783783782,14.526182432432432,67.8570945945946,47.21875,29.494256756756755,porta
T,3,3,P-T-C₁,2023-12-27,Cx. pipiens,2023-12-27,2023-12-27,0.0,20.876182432432433,16.57162162162162,12.277871621621621,65.46452702702703,44.106925675675676,28.576013513513512,porta
T,3,7,P-T-C tahodio,2023-12-27,Cs. longiareolata,2023-12-27,2023-12-27,0.0,20.876182432432433,16.57162162162162,12.277871621621621,65.46452702702703,44.106925675675676,28.576013513513512,porta
L,1,3,IL-C₁,2023-01-02,Cs. longiareolata,2023-01-02,2023-01-02,7.748648648648649,20.25945945945946,16.754054054054052,13.254054054054054,93.10810810810811,79.4054054054054,64.24324324324324,porta
L,1,1,AL-C₁,2023-01-05,Cs. longiareolata,2023-01-05,2023-01-05,0.002702702702702703,19.54054054054054,15.805405405405404,12.072972972972973,81.10810810810811,60.945945945945944,41.108108108108105,porta
L,1,2,AL-C₁,2023-01-05,Cx. pipiens,2023-01-05,2023-01-05,0.002702702702702703,19.54054054054054,15.805405405405404,12.072972972972973,81.10810810810811,60.945945945945944,41.108108108108105,porta
L,1,2,IL-C₁,2023-01-12,Cs. longiareolata,2023-01-12,2023-01-12,1.1162162162162161,17.81621621621622,15.440540540540539,13.075675675675676,90.77027027027027,76.70270270270271,60.83783783783784,porta
L,1,2,IL-C₁,2023-01-12,Cx. pipiens,2023-01-12,2023-01-12,1.1162162162162161,17.81621621621622,15.440540540540539,13.075675675675676,90.77027027027027,76.70270270270271,60.83783783783784,porta
L,1,2,IL-C₁,2023-01-23,Cx. pipiens,2023-01-23,2023-01-23,0.04054054054054054,17.227027027027027,14.824324324324325,12.424324324324324,87.91891891891892,71.35135135135135,58.567567567567565,porta
L,1,1,IL-C₁,2023-01-23,Cs. longiareolata,2023-01-23,2023-01-23,0.04054054054054054,17.227027027027027,14.824324324324325,12.424324324324324,87.91891891891892,71.35135135135135,58.567567567567565,porta
L,1,3,AL-C₁,2023-02-02,Cx. pipiens,2023-02-02,2023-02-02,0.6918918918918918,17.28108108108108,13.175675675675675,9.08108108108108,80.04054054054055,63.270270270270274,46.054054054054056,porta
L,1,4,AL-C₁,2023-02-02,Cs. longiareolata,2023-02-02,2023-02-02,0.6918918918918918,17.28108108108108,13.175675675675675,9.08108108108108,80.04054054054055,63.270270270270274,46.054054054054056,porta
L,1,3,IL-C₁,2023-02-02,Cs. longiareolata,2023-02-02,2023-02-02,0.6918918918918918,17.28108108108108,13.175675675675675,9.08108108108108,80.04054054054055,63.270270270270274,46.054054054054056,porta
L,1,3,IL-C₁,2023-02-02,Cx. pipiens,2023-02-02,2023-02-02,0.6918918918918918,17.28108108108108,13.175675675675675,9.08108108108108,80.04054054054055,63.270270270270274,46.054054054054056,porta
L,1,6,IL-C₁,2023-02-02,Cs. longiareolata,2023-02-02,2023-02-02,0.6918918918918918,17.28108108108108,13.175675675675675,9.08108108108108,80.04054054054055,63.270270270270274,46.054054054054056,porta
L,1,2,AL-C₁,2023-02-17,Cs. longiareolata,2023-02-17,2023-02-17,2.0486486486486486,16.743243243243242,13.562162162162162,10.372972972972974,89.45945945945945,76.5945945945946,65.02702702702703,porta
L,1,1,IL-C₁,2023-02-17,Cx. pipiens,2023-02-17,2023-02-17,2.0486486486486486,16.743243243243242,13.562162162162162,10.372972972972974,89.45945945945945,76.5945945945946,65.02702702702703,porta
L,1,1,IL-C₁,2023-02-17,Cs. longiareolata,2023-02-17,2023-02-17,2.0486486486486486,16.743243243243242,13.562162162162162,10.372972972972974,89.45945945945945,76.5945945945946,65.02702702702703,porta
L,1,1,IL-C₁,2023-02-27,Cx. laticinctus,2023-02-27,2023-02-27,0.05405405405405406,19.16756756756757,15.294594594594594,11.435135135135136,89.94594594594595,75.13513513513513,60.567567567567565,porta
L,1,7,IL-C₁,2023-02-27,Cs. longiareolata,2023-02-27,2023-02-27,0.05405405405405406,19.16756756756757,15.294594594594594,11.435135135135136,89.94594594594595,75.13513513513513,60.567567567567565,porta
L,1,1,IL-C₁,2023-02-27,Cx. pipiens,2023-02-27,2023-02-27,0.05405405405405406,19.16756756756757,15.294594594594594,11.435135135135136,89.94594594594595,75.13513513513513,60.567567567567565,porta
L,1,6,IL-C₁,2023-02-27,Cs. longiareolata,2023-02-27,2023-02-27,0.05405405405405406,19.16756756756757,15.294594594594594,11.435135135135136,89.94594594594595,75.13513513513513,60.567567567567565,porta
L,1,2,IL-C₁,2023-03-09,Cx. pipiens,2023-03-09,2023-03-09,0.0,21.616216216216216,17.15405405405405,12.705405405405406,83.35135135135135,67.13513513513513,48.351351351351354,porta
L,1,4,IL-C₁,2023-03-09,Cs. longiareolata,2023-03-09,2023-03-09,0.0,21.616216216216216,17.15405405405405,12.705405405405406,83.35135135135135,67.13513513513513,48.351351351351354,porta
L,1,1,IL-C₁,2023-03-09,Cx. pipiens,2023-03-09,2023-03-09,0.0,21.616216216216216,17.15405405405405,12.705405405405406,83.35135135135135,67.13513513513513,48.351351351351354,porta
L,1,2,IL-C₁,2023-03-09,Cs. longiareolata,2023-03-09,2023-03-09,0.0,21.616216216216216,17.15405405405405,12.705405405405406,83.35135135135135,67.13513513513513,48.351351351351354,porta
L,1,4,AL-C₁,2023-03-16,Cs. longiareolata,2023-03-16,2023-03-16,4.064864864864865,22.17837837837838,18.135135135135137,14.089189189189188,87.05855855855856,61.62162162162162,36.09009009009009,porta
L,1,4,AL-C₁,2023-03-16,Cs. longiareolata,2023-03-16,2023-03-16,4.064864864864865,22.17837837837838,18.135135135135137,14.089189189189188,87.05855855855856,61.62162162162162,36.09009009009009,porta
L,1,6,IL-C₁,2023-03-16,Cs. longiareolata,2023-03-16,2023-03-16,4.064864864864865,22.17837837837838,18.135135135135137,14.089189189189188,87.05855855855856,61.62162162162162,36.09009009009009,porta
L,1,5,IL-C₁,2023-03-16,Cx. pipiens,2023-03-16,2023-03-16,4.064864864864865,22.17837837837838,18.135135135135137,14.089189189189188,87.05855855855856,61.62162162162162,36.09009009009009,porta
L,1,1,IL-C₁,2023-03-16,Cs. longiareolata,2023-03-16,2023-03-16,4.064864864864865,22.17837837837838,18.135135135135137,14.089189189189188,87.05855855855856,61.62162162162162,36.09009009009009,porta
L,1,7,IL-C₁,2023-03-30,Cs. longiareolata,2023-03-30,2023-03-30,0.0,29.551351351351354,24.58108108108108,19.62162162162162,40.7027027027027,25.83445945945946,15.54054054054054,porta
L,1,5,AL-C₁,2023-04-10,Cs. longiareolata,2023-04-10,2023-04-10,0.0,25.55135135135135,19.732432432432432,13.910810810810812,81.45945945945945,50.87387387387387,31.371007371007373,porta
L,1,4,IL-C₁,2023-04-19,Cs. longiareolata,2023-04-19,2023-04-19,0.0,20.931081081081082,17.12297297297297,13.302702702702703,84.08108108108108,67.18018018018017,53.16953316953317,porta
L,1,7,IL-C₁,2023-04-27,Cs. longiareolata,2023-04-27,2023-04-27,0.0,23.71891891891892,19.072972972972973,14.42972972972973,82.45945945945945,62.7027027027027,43.7027027027027,porta
L,2,1,AL-C₁,2023-05-09,Cs. longiareolata,2023-05-09,2023-05-09,0.0,24.44864864864865,20.78648648648649,17.105405405405406,73.8108108108108,58.08108108108108,44.45945945945946,porta
L,2,2,IL-C₁,2023-05-09,Cs. longiareolata,2023-05-09,2023-05-09,0.0,24.44864864864865,20.78648648648649,17.105405405405406,73.8108108108108,58.08108108108108,44.45945945945946,porta
L,2,6,IL-C₁,2023-05-09,Cs. longiareolata,2023-05-09,2023-05-09,0.0,24.44864864864865,20.78648648648649,17.105405405405406,73.8108108108108,58.08108108108108,44.45945945945946,porta
L,2,4,IL-C₁,2023-05-09,Cs. longiareolata,2023-05-09,2023-05-09,0.0,24.44864864864865,20.78648648648649,17.105405405405406,73.8108108108108,58.08108108108108,44.45945945945946,porta
L,2,1,IL-C₁,2023-05-09,Cx. pipiens,2023-05-09,2023-05-09,0.0,24.44864864864865,20.78648648648649,17.105405405405406,73.8108108108108,58.08108108108108,44.45945945945946,porta
L,2,2,IL-C₁,2023-05-09,Cs. longiareolata,2023-05-09,2023-05-09,0.0,24.44864864864865,20.78648648648649,17.105405405405406,73.8108108108108,58.08108108108108,44.45945945945946,porta
L,2,1,AL-C₁,2023-05-22,Cx. laticinctus,2023-05-22,2023-05-22,0.8722222222222222,20.23888888888889,16.919444444444444,13.600000000000001,84.08333333333333,66.94444444444444,50.666666666666664,porta
L,2,1,AL-C₁,2023-05-22,Cx. pipiens,2023-05-22,2023-05-22,0.8722222222222222,20.23888888888889,16.919444444444444,13.600000000000001,84.08333333333333,66.94444444444444,50.666666666666664,porta
L,2,4,AL-C₁,2023-05-22,Cs. longiareolata,2023-05-22,2023-05-22,0.8722222222222222,20.23888888888889,16.919444444444444,13.600000000000001,84.08333333333333,66.94444444444444,50.666666666666664,porta
L,2,6,IL-C₁,2023-05-22,Cs. longiareolata,2023-05-22,2023-05-22,0.8722222222222222,20.23888888888889,16.919444444444444,13.600000000000001,84.08333333333333,66.94444444444444,50.666666666666664,porta
L,2,1,IL-C₁,2023-05-22,Cx. pipiens,2023-05-22,2023-05-22,0.8722222222222222,20.23888888888889,16.919444444444444,13.600000000000001,84.08333333333333,66.94444444444444,50.666666666666664,porta
L,2,5,IL-C₁,2023-05-22,Cs. longiareolata,2023-05-22,2023-05-22,0.8722222222222222,20.23888888888889,16.919444444444444,13.600000000000001,84.08333333333333,66.94444444444444,50.666666666666664,porta
L,2,5,IL-C₁,2023-05-31,Cs. longiareolata,2023-05-31,2023-05-31,2.7,23.063888888888886,18.408333333333335,13.772222222222222,85.38888888888889,61.22222222222222,45.27777777777778,porta
L,2,1,IL-C₁,2023-05-31,Cx. pipiens,2023-05-31,2023-05-31,2.7,23.063888888888886,18.408333333333335,13.772222222222222,85.38888888888889,61.22222222222222,45.27777777777778,porta
L,2,3,IL-C₁,2023-05-31,Cs. longiareolata,2023-05-31,2023-05-31,2.7,23.063888888888886,18.408333333333335,13.772222222222222,85.38888888888889,61.22222222222222,45.27777777777778,porta
L,2,1,IL-C₁,2023-05-31,Cx. pipiens,2023-05-31,2023-05-31,2.7,23.063888888888886,18.408333333333335,13.772222222222222,85.38888888888889,61.22222222222222,45.27777777777778,porta
L,2,3,IL-C₁,2023-05-31,Cs. longiareolata,2023-05-31,2023-05-31,2.7,23.063888888888886,18.408333333333335,13.772222222222222,85.38888888888889,61.22222222222222,45.27777777777778,porta
L,2,1,IL-C₁,2023-05-31,Cx. pipiens,2023-05-31,2023-05-31,2.7,23.063888888888886,18.408333333333335,13.772222222222222,85.38888888888889,61.22222222222222,45.27777777777778,porta
L,2,2,IL-C₁,2023-05-31,Cx. pipiens,2023-05-31,2023-05-31,2.7,23.063888888888886,18.408333333333335,13.772222222222222,85.38888888888889,61.22222222222222,45.27777777777778,porta
L,2,4,IL-C₁,2023-05-31,Cs. longiareolata,2023-05-31,2023-05-31,2.7,23.063888888888886,18.408333333333335,13.772222222222222,85.38888888888889,61.22222222222222,45.27777777777778,porta
L,2,6,IL-C₁,2023-05-31,Cs. longiareolata,2023-05-31,2023-05-31,2.7,23.063888888888886,18.408333333333335,13.772222222222222,85.38888888888889,61.22222222222222,45.27777777777778,porta
L,2,5,IL-C₁,2023-05-31,Cs. longiareolata,2023-05-31,2023-05-31,2.7,23.063888888888886,18.408333333333335,13.772222222222222,85.38888888888889,61.22222222222222,45.27777777777778,porta
L,2,6,IL-C₁,2023-06-12,Cx. pipiens,2023-06-12,2023-06-12,2.2527777777777778,24.119444444444444,20.36111111111111,16.61388888888889,91.52777777777777,76.91666666666667,60.72222222222222,porta
L,2,8,IL-C₁,2023-06-12,Cs. longiareolata,2023-06-12,2023-06-12,2.2527777777777778,24.119444444444444,20.36111111111111,16.61388888888889,91.52777777777777,76.91666666666667,60.72222222222222,porta
L,2,2,IL-C₁,2023-06-12,Cs. longiareolata,2023-06-12,2023-06-12,2.2527777777777778,24.119444444444444,20.36111111111111,16.61388888888889,91.52777777777777,76.91666666666667,60.72222222222222,porta
L,2,5,IL-C₁,2023-06-26,Cx. pipiens,2023-06-26,2023-06-26,0.0,26.241666666666667,21.905555555555555,17.572222222222223,83.02777777777777,65.64197530864197,43.666666666666664,porta
L,2,3,IL-C₁,2023-06-26,Cx. pipiens,2023-06-26,2023-06-26,0.0,26.241666666666667,21.905555555555555,17.572222222222223,83.02777777777777,65.64197530864197,43.666666666666664,porta
L,2,3,IL-C₁,2023-06-26,Cs. longiareolata,2023-06-26,2023-06-26,0.0,26.241666666666667,21.905555555555555,17.572222222222223,83.02777777777777,65.64197530864197,43.666666666666664,porta
L,2,5,IL-C₁,2023-07-04,Cx. pipiens,2023-07-04,2023-07-04,0.0,27.572222222222223,23.74722222222222,19.91111111111111,80.91666666666667,64.72222222222223,49.861111111111114,porta
L,2,1,IL-C₁,2023-07-04,Cs. longiareolata,2023-07-04,2023-07-04,0.0,27.572222222222223,23.74722222222222,19.91111111111111,80.91666666666667,64.72222222222223,49.861111111111114,porta
L,2,5,IL-C₁,2023-07-04,Cx. pipiens,2023-07-04,2023-07-04,0.0,27.572222222222223,23.74722222222222,19.91111111111111,80.91666666666667,64.72222222222223,49.861111111111114,porta
L,2,2,IL-C₁,2023-07-04,Cx. pipiens,2023-07-04,2023-07-04,0.0,27.572222222222223,23.74722222222222,19.91111111111111,80.91666666666667,64.72222222222223,49.861111111111114,porta
L,2,1,IL-C₁,2023-07-04,Cs. longiareolata,2023-07-04,2023-07-04,0.0,27.572222222222223,23.74722222222222,19.91111111111111,80.91666666666667,64.72222222222223,49.861111111111114,porta
L,2,2,IL-C₁,2023-07-13,Cx. pipiens,2023-07-13,2023-07-13,0.0,33.95,28.88888888888889,23.825000000000003,52.916666666666664,34.794444444444444,20.01388888888889,porta
L,2,2,IL-C₁,2023-07-13,Cs. longiareolata,2023-07-13,2023-07-13,0.0,33.95,28.88888888888889,23.825000000000003,52.916666666666664,34.794444444444444,20.01388888888889,porta
L,2,4,IL-C₁,2023-07-20,Cs. longiareolata,2023-07-20,2023-07-20,0.0,26.369444444444444,22.855555555555554,19.313888888888886,80.66666666666667,64.80555555555556,52.72222222222222,porta
L,2,2,IL-C₁,2023-07-20,Cx. pipiens,2023-07-20,2023-07-20,0.0,26.369444444444444,22.855555555555554,19.313888888888886,80.66666666666667,64.80555555555556,52.72222222222222,porta
L,3,2,IL-C₁,2023-08-02,Cs. longiareolata,2023-08-02,2023-08-02,0.0,27.158835758835757,23.56881496881497,19.98212058212058,78.42619542619543,63.2027027027027,48.75675675675676,porta
L,3,2,IL-C₁,2023-08-02,Cx. pipiens,2023-08-02,2023-08-02,0.0,27.158835758835757,23.56881496881497,19.98212058212058,78.42619542619543,63.2027027027027,48.75675675675676,porta
L,3,1,IL-C₁,2023-08-02,Cx. pipiens,2023-08-02,2023-08-02,0.0,27.158835758835757,23.56881496881497,19.98212058212058,78.42619542619543,63.2027027027027,48.75675675675676,porta
L,3,3,IL-C₁,2023-08-02,Cs. longiareolata,2023-08-02,2023-08-02,0.0,27.158835758835757,23.56881496881497,19.98212058212058,78.42619542619543,63.2027027027027,48.75675675675676,porta
L,3,3,IL-C₁,2023-08-29,Cx. pipiens,2023-08-29,2023-08-29,0.016216216216216217,25.52162162162162,21.994594594594595,18.467567567567567,79.78378378378379,65.37162162162163,49.972972972972975,porta
L,3,3,IL-C₁,2023-09-23,Cs. longiareolata,2023-09-23,2023-09-23,0.9216216216216216,24.37027027027027,21.232432432432432,18.124324324324323,93.29729729729729,79.05405405405405,60.08108108108108,porta
L,3,1,IL-C₁,2023-10-02,Cx. pipiens,2023-10-02,2023-10-02,0.0,29.637837837837836,24.962162162162162,20.28648648648649,70.32432432432432,51.74054054054054,35.945945945945944,porta
L,3,5,IL-C₁,2023-10-20,Cx. pipiens,2023-10-20,2023-10-20,1.454054054054054,23.456756756756757,20.55675675675676,17.66216216216216,91.83783783783784,77.16216216216216,59.5945945945946,porta
L,3,4,AL-C₁,2023-10-30,Cx. pipiens,2023-10-30,2023-10-30,1.0702702702702702,23.8972972972973,20.308108108108108,16.71081081081081,87.62162162162163,74.41891891891892,59.648648648648646,porta
L,3,4,IL-C₁,2023-11-13,Cx. pipiens,2023-11-13,2023-11-13,0.0,25.5972972972973,21.335135135135136,17.1,73.51351351351352,55.28108108108108,38.648648648648646,porta
L,3,6,IL-C₁,2023-11-22,Cx. pipiens,2023-11-22,2023-11-22,0.0,24.686486486486487,21.06756756756757,17.43243243243243,74.45945945945945,53.54054054054054,27.554054054054053,porta
L,3,1,IL-C₁,2023-12-11,Cx. pipiens,2023-12-11,2023-12-11,0.0,23.73564189189189,19.431081081081082,15.131925675675676,69.8429054054054,45.56503378378378,29.98141891891892,porta
L,3,6,IL-C₁,2023-12-20,Cx. pipiens,2023-12-20,2023-12-20,0.08378378378378379,18.71689189189189,16.254054054054052,13.791216216216215,79.22297297297297,64.75788288288288,52.58783783783784,porta
F,1,2,P-F-Ovi 15,2023-04-26,Cs. longiareolata,2023-04-26,2023-04-26,0.0,23.467567567567567,18.783783783783782,14.102702702702702,82.18018018018017,63.2972972972973,43.78378378378378,porta
F,1,10,P-F-Ovi 15,2023-04-26,Cs. longiareolata,2023-04-26,2023-04-26,0.0,23.467567567567567,18.783783783783782,14.102702702702702,82.18018018018017,63.2972972972973,43.78378378378378,porta
F,1,11,P-F-Ovi 15,2023-04-26,Cs. longiareolata,2023-04-26,2023-04-26,0.0,23.467567567567567,18.783783783783782,14.102702702702702,82.18018018018017,63.2972972972973,43.78378378378378,porta
F,1,5,P-F-Ovi 15,2023-04-26,Cs. longiareolata,2023-04-26,2023-04-26,0.0,23.467567567567567,18.783783783783782,14.102702702702702,82.18018018018017,63.2972972972973,43.78378378378378,porta
F,1,9,P-F-Ovi 15,2023-05-08,Cs. longiareolata,2023-05-08,2023-05-08,0.010810810810810811,22.497297297297298,19.24054054054054,15.986486486486486,78.48648648648648,63.22522522522523,45.945945945945944,porta
C,1,3,P-C-vertedero,2023-11-09,Cx. pipiens,2023-11-09,2023-11-09,0.016216216216216217,21.8972972972973,19.154054054054054,16.410810810810812,80.24324324324324,69.70270270270271,53.108108108108105,porta
C,1,1,P-C-vertedero,2023-11-09,Cs. longiareolata,2023-11-09,2023-11-09,0.016216216216216217,21.8972972972973,19.154054054054054,16.410810810810812,80.24324324324324,69.70270270270271,53.108108108108105,porta
C,*,10,Pi-C-Galilea 14,2023-12-14,Aedes aegypti,2023-12-14,2023-12-14,0.20270270270270271,20.951013513513512,17.78108108108108,14.619256756756757,82.8777027027027,61.560247747747745,40.67635135135136,porta
C,*,3,Pi-C-Mesias 42,2023-12-14,Cs. longiareolata,2023-12-14,2023-12-14,0.20270270270270271,20.951013513513512,17.78108108108108,14.619256756756757,82.8777027027027,61.560247747747745,40.67635135135136,porta
C,*,2,Pi-C-Samaria 4,2023-12-18,Aedes aegypti,2023-12-18,2023-12-18,0.0,18.819256756756758,15.764864864864863,12.694256756756756,72.04391891891892,59.30912162162162,44.320945945945944,porta
C,*,7,Pi-C-Jose de Arimatea 13,2023-12-18,Aedes aegypti,2023-12-18,2023-12-18,0.0,18.819256756756758,15.764864864864863,12.694256756756756,72.04391891891892,59.30912162162162,44.320945945945944,porta
C,*,7,Pi-C-Dionisio 4,2023-12-18,Aedes aegypti,2023-12-18,2023-12-18,0.0,18.819256756756758,15.764864864864863,12.694256756756756,72.04391891891892,59.30912162162162,44.320945945945944,porta
C,*,11,Pi-C-Dionisio 12,2023-12-18,Aedes aegypti,2023-12-18,2023-12-18,0.0,18.819256756756758,15.764864864864863,12.694256756756756,72.04391891891892,59.30912162162162,44.320945945945944,porta
C,*,9,Pi-C-Judea 11,2023-12-19,Cs. longiareolata,2023-12-19,2023-12-19,0.016216216216216217,18.558614864864865,15.355405405405405,12.130574324324325,75.58614864864865,61.371340090090094,47.80574324324324,porta
C,*,5,Pi-C-Huerto de los Olivos (deposito agua),2023-12-19,Cs. longiareolata,2023-12-19,2023-12-19,0.016216216216216217,18.558614864864865,15.355405405405405,12.130574324324325,75.58614864864865,61.371340090090094,47.80574324324324,porta
C,*,7,Pi-C-Huerto de los Olivos (deposito agua),2023-12-19,Cx. laticinctus,2023-12-19,2023-12-19,0.016216216216216217,18.558614864864865,15.355405405405405,12.130574324324325,75.58614864864865,61.371340090090094,47.80574324324324,porta
C,*,3,Pi-C-La Pascua 20,2023-12-19,Cx. pipiens,2023-12-19,2023-12-19,0.016216216216216217,18.558614864864865,15.355405405405405,12.130574324324325,75.58614864864865,61.371340090090094,47.80574324324324,porta
C,*,3,Pi-C-La Pascua 21,2023-12-19,Cs. longiareolata,2023-12-19,2023-12-19,0.016216216216216217,18.558614864864865,15.355405405405405,12.130574324324325,75.58614864864865,61.371340090090094,47.80574324324324,porta
C,*,8,Pi-C-La Pascua 6,2023-12-19,Cs. longiareolata,2023-12-19,2023-12-19,0.016216216216216217,18.558614864864865,15.355405405405405,12.130574324324325,75.58614864864865,61.371340090090094,47.80574324324324,porta
C,*,6,Pi-C-La Pascua 23,2023-12-19,Cx. pipiens,2023-12-19,2023-12-19,0.016216216216216217,18.558614864864865,15.355405405405405,12.130574324324325,75.58614864864865,61.371340090090094,47.80574324324324,porta
C,*,3,Pi-C-Carretera de piletas 9,2023-12-19,Aedes aegypti,2023-12-19,2023-12-19,0.016216216216216217,18.558614864864865,15.355405405405405,12.130574324324325,75.58614864864865,61.371340090090094,47.80574324324324,porta
C,*,8,Pi-C-Carretera de piletas 9,2023-12-19,Cs. longiareolata,2023-12-19,2023-12-19,0.016216216216216217,18.558614864864865,15.355405405405405,12.130574324324325,75.58614864864865,61.371340090090094,47.80574324324324,porta
C,*,1,Pi-C-Carretera de piletas 10,2023-12-19,Cx. laticinctus,2023-12-19,2023-12-19,0.016216216216216217,18.558614864864865,15.355405405405405,12.130574324324325,75.58614864864865,61.371340090090094,47.80574324324324,porta
C,*,6,Pi-C-Carretera de piletas 11,2023-12-19,Cs. longiareolata,2023-12-19,2023-12-19,0.016216216216216217,18.558614864864865,15.355405405405405,12.130574324324325,75.58614864864865,61.371340090090094,47.80574324324324,porta
C,*,3,Pi-C-Huerto de los Olivos 13,2023-12-19,Cs. longiareolata,2023-12-19,2023-12-19,0.016216216216216217,18.558614864864865,15.355405405405405,12.130574324324325,75.58614864864865,61.371340090090094,47.80574324324324,porta
C,*,4,Pi-C-Huerto de los Olivos 23,2023-12-19,Cs. longiareolata,2023-12-19,2023-12-19,0.016216216216216217,18.558614864864865,15.355405405405405,12.130574324324325,75.58614864864865,61.371340090090094,47.80574324324324,porta
C,*,8,Pi-C-Huerto de los Olivos 35,2023-12-20,Cs. longiareolata,2023-12-20,2023-12-20,0.08378378378378379,18.71689189189189,16.254054054054052,13.791216216216215,79.22297297297297,64.75788288288288,52.58783783783784,porta
C,*,7,Pi-C-Huerto de los Olivos 35,2023-12-20,Cs. longiareolata,2023-12-20,2023-12-20,0.08378378378378379,18.71689189189189,16.254054054054052,13.791216216216215,79.22297297297297,64.75788288288288,52.58783783783784,porta
C,*,4,Pi-C-Samaria 6,2023-12-20,Cx. laticinctus,2023-12-20,2023-12-20,0.08378378378378379,18.71689189189189,16.254054054054052,13.791216216216215,79.22297297297297,64.75788288288288,52.58783783783784,porta
C,*,4,Pi-C-Samaria 6,2023-12-20,Cs. longiareolata,2023-12-20,2023-12-20,0.08378378378378379,18.71689189189189,16.254054054054052,13.791216216216215,79.22297297297297,64.75788288288288,52.58783783783784,porta
C,*,2,Pi-C-Samaria 35,2023-12-20,Cs. longiareolata,2023-12-20,2023-12-20,0.08378378378378379,18.71689189189189,16.254054054054052,13.791216216216215,79.22297297297297,64.75788288288288,52.58783783783784,porta
C,*,10,Pi-C-Samaria 35,2023-12-20,Cx. laticinctus,2023-12-20,2023-12-20,0.08378378378378379,18.71689189189189,16.254054054054052,13.791216216216215,79.22297297297297,64.75788288288288,52.58783783783784,porta
C,*,7,Pi-C-Isla perdida. Cortijo de San Gregorio 2B,2023-12-21,Cx. laticinctus,2023-12-21,2023-12-21,3.1216216216216215,17.699493243243243,15.587837837837839,13.478885135135135,89.13006756756756,70.33361486486487,54.3429054054054,porta
C,*,4,Pi-C-Isla perdida. Cortijo de San Gregorio 2B,2023-12-21,Cs. longiareolata,2023-12-21,2023-12-21,3.1216216216216215,17.699493243243243,15.587837837837839,13.478885135135135,89.13006756756756,70.33361486486487,54.3429054054054,porta
C,*,10,Pi-C-Isla perdida. Cortijo de San Gregorio 2B,2023-12-21,Cx. laticinctus,2023-12-21,2023-12-21,3.1216216216216215,17.699493243243243,15.587837837837839,13.478885135135135,89.13006756756756,70.33361486486487,54.3429054054054,porta
C,*,7,Pi-C-Isla perdida. Cortijo de San Gregorio 59,2023-12-21,Cx. laticinctus,2023-12-21,2023-12-21,3.1216216216216215,17.699493243243243,15.587837837837839,13.478885135135135,89.13006756756756,70.33361486486487,54.3429054054054,porta
C,*,2,Pi-C-Isla perdida. Cortijo de San Gregorio 59,2023-12-21,Cs. longiareolata,2023-12-21,2023-12-21,3.1216216216216215,17.699493243243243,15.587837837837839,13.478885135135135,89.13006756756756,70.33361486486487,54.3429054054054,porta
C,*,9,Pi-C-Isla perdida. Simon Cananeo 9,2023-12-21,Cs. longiareolata,2023-12-21,2023-12-21,3.1216216216216215,17.699493243243243,15.587837837837839,13.478885135135135,89.13006756756756,70.33361486486487,54.3429054054054,porta
C,*,2,Pi-C-Isla perdida. Simon Cananeo 9,2023-12-21,Cs. longiareolata,2023-12-21,2023-12-21,3.1216216216216215,17.699493243243243,15.587837837837839,13.478885135135135,89.13006756756756,70.33361486486487,54.3429054054054,porta
C,*,1,Pi-C-Isla perdida. Simon Cananeo 9,2023-12-21,Cx. laticinctus,2023-12-21,2023-12-21,3.1216216216216215,17.699493243243243,15.587837837837839,13.478885135135135,89.13006756756756,70.33361486486487,54.3429054054054,porta
C,*,8,Pi-C-Roque Negro. Lázaro Ortega,2023-12-21,Cs. longiareolata,2023-12-21,2023-12-21,3.1216216216216215,17.699493243243243,15.587837837837839,13.478885135135135,89.13006756756756,70.33361486486487,54.3429054054054,porta
C,*,7,Pi-C-Isla perdida. Judas Tadeo 10,2023-12-22,Cx. laticinctus,2023-12-22,2023-12-22,3.210810810810811,18.201013513513512,15.508108108108107,12.807094594594595,85.0641891891892,70.33277027027027,56.773648648648646,porta
C,*,8,Pi-C-Isla perdida. Santiaguito solar,2023-12-22,Cs. longiareolata,2023-12-22,2023-12-22,3.210810810810811,18.201013513513512,15.508108108108107,12.807094594594595,85.0641891891892,70.33277027027027,56.773648648648646,porta
C,*,4,Pi-C-Isla perdida. Santiaguito solar,2023-12-22,Cx. pipiens,2023-12-22,2023-12-22,3.210810810810811,18.201013513513512,15.508108108108107,12.807094594594595,85.0641891891892,70.33277027027027,56.773648648648646,porta
C,*,2,Pi-C-La Suerte. Aceviño 12,2023-12-26,Cx. laticinctus,2023-12-26,2023-12-26,0.005405405405405406,19.777364864864865,15.8,11.801013513513514,78.82770270270271,62.329391891891895,41.65878378378378,porta
C,*,3,Pi-C-La Suerte. Aceviño 12,2023-12-26,Cs. longiareolata,2023-12-26,2023-12-26,0.005405405405405406,19.777364864864865,15.8,11.801013513513514,78.82770270270271,62.329391891891895,41.65878378378378,porta
C,*,3,Pi-C-Galilea 55,2023-12-26,Cs. longiareolata,2023-12-26,2023-12-26,0.005405405405405406,19.777364864864865,15.8,11.801013513513514,78.82770270270271,62.329391891891895,41.65878378378378,porta
C,*,2,Pi-C-Galilea 55,2023-12-26,Cx. laticinctus,2023-12-26,2023-12-26,0.005405405405405406,19.777364864864865,15.8,11.801013513513514,78.82770270270271,62.329391891891895,41.65878378378378,porta
C,*,4,Pi-C-Galilea 55,2023-12-26,Cx. pipiens,2023-12-26,2023-12-26,0.005405405405405406,19.777364864864865,15.8,11.801013513513514,78.82770270270271,62.329391891891895,41.65878378378378,porta
C,*,5,Pi-C-Galilea 55,2023-12-26,Cx. pipiens,2023-12-26,2023-12-26,0.005405405405405406,19.777364864864865,15.8,11.801013513513514,78.82770270270271,62.329391891891895,41.65878378378378,porta
C,*,3,Pi-C-Galilea 55,2023-12-26,Cs. longiareolata,2023-12-26,2023-12-26,0.005405405405405406,19.777364864864865,15.8,11.801013513513514,78.82770270270271,62.329391891891895,41.65878378378378,porta
C,*,14,Pi-C-Dionisio 17,2023-12-27,Cs. longiareolata,2023-12-27,2023-12-27,0.0,20.876182432432433,16.57162162162162,12.277871621621621,65.46452702702703,44.106925675675676,28.576013513513512,porta
C,*,6,Pi-C-Dionisio 17,2023-12-27,Cx. laticinctus,2023-12-27,2023-12-27,0.0,20.876182432432433,16.57162162162162,12.277871621621621,65.46452702702703,44.106925675675676,28.576013513513512,porta
C,*,3,Pi-C-Jardin de Sillo,2023-12-13,Cs. longiareolata,2023-12-13,2023-12-13,0.0,22.530574324324323,18.533783783783782,14.526182432432432,67.8570945945946,47.21875,29.494256756756755,porta
C,*,1,Pi-C-Dionisio 24 (peluqueria Emma),2023-12-13,Aedes aegypti,2023-12-13,2023-12-13,0.0,22.530574324324323,18.533783783783782,14.526182432432432,67.8570945945946,47.21875,29.494256756756755,porta
C,*,8,Pi-C-Jose de Arimatea 5,2023-12-18,Aedes aegypti,2023-12-18,2023-12-18,0.0,18.819256756756758,15.764864864864863,12.694256756756756,72.04391891891892,59.30912162162162,44.320945945945944,porta
C,*,1,Pi-C-Dionisio 13,2023-12-18,Aedes aegypti,2023-12-18,2023-12-18,0.0,18.819256756756758,15.764864864864863,12.694256756756756,72.04391891891892,59.30912162162162,44.320945945945944,porta
